paper_number,title,first_author,year,venue,primary_method,sensors,performance_metric,performance_value,performance_unit,key_contribution
REC_0003,Autonomous Navigation in GPS-Denied Environments Using Visual SLAM,L. B. Jayswal,2026,IEEE Conference/Journal,LiDAR_Inertial_Odometry_SLAM,IMU;Thermal_Camera;LiDAR_3D,ATE_RMSE;RMSE;Success_Rate,NOT_REPORTED,mixed_or_not_reported,Parsed from 5-page PDF. Primary evaluation: Both_Real_and_Sim with sensors [IMU;Thermal_Camera;LiDAR_3D].
REC_0006,A Multi-Sensor Fusion Framework for Unmanned Aerial Vehicle (UAV) Navigation and Inspection in GPS-Denied and Degraded Environments,V. V. Sai Viswa Kiran,2026,IEEE Conference/Journal,Visual_LiDAR_Inertial_Fusion,IMU;Stereo_Camera;LiDAR_3D,ATE_RMSE;Success_Rate,NOT_REPORTED,mixed_or_not_reported,Parsed from 4-page PDF. Primary evaluation: Both_Real_and_Sim with sensors [IMU;Stereo_Camera;LiDAR_3D].
REC_0008,A Framework for UAV Navigation and Exploration in GPS-Denied Environments,F. Vanegas,2019,IEEE Conference/Journal,Visual_LiDAR_Inertial_Fusion,IMU;Stereo_Camera;LiDAR_3D,ATE_RMSE;Relative_Drift_Percent,NOT_REPORTED,mixed_or_not_reported,Parsed from 7-page PDF. Primary evaluation: Simulation with sensors [IMU;Stereo_Camera;LiDAR_3D].
REC_0023,Autonomous Aerial Navigation in GPS-Denied Environments,A. Variar,2025,IEEE Conference/Journal,Visual_LiDAR_Inertial_Fusion,IMU;Stereo_Camera;LiDAR_3D;Radar_mmWave,ATE_RMSE;Success_Rate;Computational_Latency,NOT_REPORTED,mixed_or_not_reported,Parsed from 9-page PDF. Primary evaluation: Simulation with sensors [IMU;Stereo_Camera;LiDAR_3D;Radar_mmWave].
REC_0028,UAV Waypoint Opportunistic Navigation in GNSS-Denied Environments,Y. Yang,2022,IEEE Conference/Journal,Visual_Inertial_Odometry,IMU;Monocular_Camera;LiDAR_2D,ATE_RMSE;Relative_Drift_Percent;RMSE;Success_Rate;Computational_Latency,NOT_REPORTED,mixed_or_not_reported,Parsed from 16-page PDF. Primary evaluation: Simulation with sensors [IMU;Monocular_Camera;LiDAR_2D].
REC_0035,State Estimation and Control for Micro Aerial Vehicles in GPS-denied Environments,H. Shen,2020,IEEE Conference/Journal,Visual_LiDAR_Inertial_Fusion,IMU;Monocular_Camera;LiDAR_2D,ATE_RMSE;Relative_Drift_Percent;Success_Rate;Computational_Latency,NOT_REPORTED,mixed_or_not_reported,Parsed from 6-page PDF. Primary evaluation: Simulation with sensors [IMU;Monocular_Camera;LiDAR_2D].
REC_0041,UAV Navigation With Monocular Visual Inertial Odometry Under GNSS-Denied Environment,H. Luo,2023,IEEE Conference/Journal,Visual_Inertial_Odometry,IMU;Stereo_Camera;UWB;Optical_Flow,ATE_RMSE;RMSE;Success_Rate,NOT_REPORTED,mixed_or_not_reported,Parsed from 15-page PDF. Primary evaluation: Real_World with sensors [IMU;Stereo_Camera;UWB;Optical_Flow].
REC_0043,Robust Sensor Fusion for Autonomous UAV Navigation in GPS denied Forest Environment,S. M. Shithil,2022,IEEE Conference/Journal,Visual_LiDAR_Inertial_Fusion,IMU;Stereo_Camera;LiDAR_2D,ATE_RMSE;Relative_Drift_Percent;Computational_Latency,NOT_REPORTED,mixed_or_not_reported,Parsed from 6-page PDF. Primary evaluation: Simulation with sensors [IMU;Stereo_Camera;LiDAR_2D].
REC_0053,Vision-based Navigation of Unmanned Aerial Vehicles,H. Gahlot,2024,IEEE Conference/Journal,Visual_LiDAR_Inertial_Fusion,IMU;Thermal_Camera;LiDAR_3D,ATE_RMSE;Relative_Drift_Percent;RMSE;Success_Rate,NOT_REPORTED,mixed_or_not_reported,Parsed from 22-page PDF. Primary evaluation: Both_Real_and_Sim with sensors [IMU;Thermal_Camera;LiDAR_3D].
REC_0064,Positioning and Navigation Approaches Using Packet Loss-Based Multilateration for UAVs in GPS-Denied Environments,I. Srisomboon,2024,IEEE Conference/Journal,Visual_LiDAR_Inertial_Fusion,IMU;Monocular_Camera;LiDAR_3D;UWB,ATE_RMSE;Success_Rate;Computational_Latency,NOT_REPORTED,mixed_or_not_reported,Parsed from 15-page PDF. Primary evaluation: Both_Real_and_Sim with sensors [IMU;Monocular_Camera;LiDAR_3D;UWB].
REC_0065,Autonomous Drones in GNSS-Denied Environments: Results from the Leonardo Drone Contest,S. Godio,2023,IEEE Conference/Journal,Visual_LiDAR_Inertial_Fusion,IMU;Stereo_Camera;LiDAR_3D;UWB,ATE_RMSE;Relative_Drift_Percent;Success_Rate;Computational_Latency,NOT_REPORTED,mixed_or_not_reported,Parsed from 6-page PDF. Primary evaluation: Both_Real_and_Sim with sensors [IMU;Stereo_Camera;LiDAR_3D;UWB].
REC_0071,Radar-Based High-Accuracy 3D Localization of UAVs for Landing in GNSS-Denied Environments,Y. Dobrev,2018,IEEE Conference/Journal,Radio_Based_Positioning,IMU;Radar_mmWave,ATE_RMSE;Success_Rate;Computational_Latency,NOT_REPORTED,mixed_or_not_reported,Parsed from 4-page PDF. Primary evaluation: Simulation with sensors [IMU;Radar_mmWave].
REC_0077,3D Path Planning for Autonomous UAV Navigation in GPS-Denied Environments,T. Thakkar,2026,IEEE Conference/Journal,Visual_LiDAR_Inertial_Fusion,IMU;Stereo_Camera;LiDAR_3D,ATE_RMSE;RMSE;Success_Rate,NOT_REPORTED,mixed_or_not_reported,Parsed from 8-page PDF. Primary evaluation: Both_Real_and_Sim with sensors [IMU;Stereo_Camera;LiDAR_3D].
REC_0084,Simulating GPS-denied Autonomous UAV Navigation for Detection of Surface Water Bodies,A. D. Singh,2020,IEEE Conference/Journal,Thermal_Inertial_Odometry,IMU;Thermal_Camera,ATE_RMSE;Relative_Drift_Percent;Success_Rate,NOT_REPORTED,mixed_or_not_reported,Parsed from 10-page PDF. Primary evaluation: Simulation with sensors [IMU;Thermal_Camera].
REC_0095,Cooperative Relative Localization for UAV Swarm in GNSS-Denied Environment: A Coalition Formation Game Approach,L. Ruan,2022,IEEE Conference/Journal,Visual_Inertial_Odometry,IMU;UWB,ATE_RMSE;Relative_Drift_Percent;RMSE;Success_Rate,NOT_REPORTED,mixed_or_not_reported,Parsed from 18-page PDF. Primary evaluation: Both_Real_and_Sim with sensors [IMU;UWB].
REC_0096,Cooperative UWB-Based Localization for Outdoors Positioning and Navigation of UAVs aided by Ground Robots,Y. Xianjia,2021,IEEE Conference/Journal,Visual_LiDAR_Inertial_Fusion,IMU;Stereo_Camera;LiDAR_3D;UWB,ATE_RMSE;Success_Rate,NOT_REPORTED,mixed_or_not_reported,Parsed from 5-page PDF. Primary evaluation: Both_Real_and_Sim with sensors [IMU;Stereo_Camera;LiDAR_3D;UWB].
REC_0102,Quantum-Enhanced Multi-Sensor Fusion for UAV Navigation in GPS-Denied Environments,A. Moussa,2026,IEEE Conference/Journal,Visual_LiDAR_Inertial_Fusion,IMU;Stereo_Camera;LiDAR_3D,ATE_RMSE;Relative_Drift_Percent;Success_Rate;Computational_Latency,NOT_REPORTED,mixed_or_not_reported,Parsed from 6-page PDF. Primary evaluation: Both_Real_and_Sim with sensors [IMU;Stereo_Camera;LiDAR_3D].
REC_0111,Position Estimation for Drones based on Visual SLAM and IMU in GPS-denied Environment,H. D. K. Motlagh,2019,IEEE Conference/Journal,Visual_LiDAR_Inertial_Fusion,IMU;Stereo_Camera;LiDAR_3D;UWB;Sonar,ATE_RMSE;Relative_Drift_Percent;RMSE;Success_Rate,NOT_REPORTED,mixed_or_not_reported,Parsed from 5-page PDF. Primary evaluation: Simulation with sensors [IMU;Stereo_Camera;LiDAR_3D;UWB;Sonar].
REC_0118,A Vision-Aided Navigation System by Ground-Aerial Vehicle Cooperation for UAV in GNSS-Denied Environments,Z. -H. Wang,2018,IEEE Conference/Journal,Visual_LiDAR_Inertial_Fusion,IMU;Stereo_Camera;LiDAR_3D,ATE_RMSE;Relative_Drift_Percent;RMSE;Success_Rate;Computational_Latency,NOT_REPORTED,mixed_or_not_reported,Parsed from 6-page PDF. Primary evaluation: Simulation with sensors [IMU;Stereo_Camera;LiDAR_3D].
REC_0123,Visual-based landing system of a multirotor UAV in GNSS denied environment,A. Marut,2023,IEEE Conference/Journal,LiDAR_Inertial_Odometry_SLAM,IMU;Stereo_Camera;LiDAR_3D;Radar_mmWave;Optical_Flow;Sonar,ATE_RMSE;Relative_Drift_Percent;Success_Rate,NOT_REPORTED,mixed_or_not_reported,Parsed from 6-page PDF. Primary evaluation: Both_Real_and_Sim with sensors [IMU;Stereo_Camera;LiDAR_3D;Radar_mmWave;Optical_Flow;Sonar].
REC_0131,Digital Twin for Drone Indoor Autonomous Navigation,M. J. Kumar,2026,IEEE Conference/Journal,LiDAR_Inertial_Odometry_SLAM,IMU;Stereo_Camera;LiDAR_3D,ATE_RMSE;Relative_Drift_Percent;RMSE;Success_Rate;Computational_Latency,NOT_REPORTED,mixed_or_not_reported,Parsed from 4-page PDF. Primary evaluation: Both_Real_and_Sim with sensors [IMU;Stereo_Camera;LiDAR_3D].
REC_0138,Autonomous Exploration and Mapping System Using Heterogeneous UAVs and UGVs in GPS-Denied Environments,H. Qin,2019,IEEE Conference/Journal,Visual_LiDAR_Inertial_Fusion,IMU;Stereo_Camera;LiDAR_3D;UWB,ATE_RMSE;Relative_Drift_Percent;Success_Rate,NOT_REPORTED,mixed_or_not_reported,Parsed from 12-page PDF. Primary evaluation: Both_Real_and_Sim with sensors [IMU;Stereo_Camera;LiDAR_3D;UWB].
REC_0149,Vision-Based Global Localization for UAVs Using Deep Convolutional Neural Networks,M. Elbalshy,2026,IEEE Conference/Journal,Visual_Inertial_Odometry,IMU;Monocular_Camera,ATE_RMSE;Success_Rate,NOT_REPORTED,mixed_or_not_reported,Parsed from 6-page PDF. Primary evaluation: Both_Real_and_Sim with sensors [IMU;Monocular_Camera].
REC_0155,Cooperative Navigation and Guidance of a Micro-Scale Aerial Vehicle by an Accompanying UAV using 3D LiDAR Relative Localization,V. Pritzl,2022,IEEE Conference/Journal,Visual_LiDAR_Inertial_Fusion,IMU;Stereo_Camera;LiDAR_3D;UWB,ATE_RMSE;Relative_Drift_Percent;RMSE;Success_Rate;Computational_Latency,NOT_REPORTED,mixed_or_not_reported,Parsed from 10-page PDF. Primary evaluation: Both_Real_and_Sim with sensors [IMU;Stereo_Camera;LiDAR_3D;UWB].
REC_0161,Sensor Fusion for Autonomous Indoor UAV Navigation in Confined Spaces,A. James,2023,IEEE Conference/Journal,Visual_LiDAR_Inertial_Fusion,IMU;Stereo_Camera;LiDAR_3D,ATE_RMSE;Relative_Drift_Percent;RMSE;Success_Rate;Computational_Latency,NOT_REPORTED,mixed_or_not_reported,Parsed from 6-page PDF. Primary evaluation: Real_World with sensors [IMU;Stereo_Camera;LiDAR_3D].
REC_0165,UAV Cross-View Image Retrieval and Visual Geo-Localization in GNSS-Denied Environments,Y. -C. Tai,2026,IEEE Conference/Journal,Radio_Based_Positioning,IMU;Monocular_Camera,ATE_RMSE;Relative_Drift_Percent;Success_Rate;Computational_Latency,NOT_REPORTED,mixed_or_not_reported,Parsed from 2-page PDF. Primary evaluation: Both_Real_and_Sim with sensors [IMU;Monocular_Camera].
REC_0195,An Autonomous Continuous Positioning Method for Low-Altitude UAVs Based on Image Recognition in GNSS-Denied Environments,T. Du,2026,IEEE Conference/Journal,Visual_Inertial_Odometry,IMU;Stereo_Camera;UWB;Optical_Flow,ATE_RMSE;Relative_Drift_Percent;Success_Rate;Computational_Latency,NOT_REPORTED,mixed_or_not_reported,Parsed from 9-page PDF. Primary evaluation: Simulation with sensors [IMU;Stereo_Camera;UWB;Optical_Flow].
REC_0196,Navigation of Simultaneous Localization and Mapping by Fusing RGB-D Camera and IMU on UAV,X. Dai,2019,IEEE Conference/Journal,Visual_Inertial_Odometry,IMU;Stereo_Camera;LiDAR_2D,ATE_RMSE;Relative_Drift_Percent;Success_Rate,NOT_REPORTED,mixed_or_not_reported,Parsed from 6-page PDF. Primary evaluation: Both_Real_and_Sim with sensors [IMU;Stereo_Camera;LiDAR_2D].
REC_0211,SIA-KalmanNet: A Structurally Integrated Attention Kalman Filter for Multi-UAV Localization in Partially GNSS-Denied Environments,X. Xin,2026,IEEE Conference/Journal,Visual_Inertial_Odometry,IMU;Monocular_Camera;UWB,ATE_RMSE;Relative_Drift_Percent;RMSE;Success_Rate;Computational_Latency,NOT_REPORTED,mixed_or_not_reported,Parsed from 12-page PDF. Primary evaluation: Real_World with sensors [IMU;Monocular_Camera;UWB].
REC_0213,A Multi-UAV System for Exploration and Target Finding in Cluttered and GPS-Denied Environments,X. Zhu,2021,IEEE Conference/Journal,Visual_Inertial_Odometry,IMU;Monocular_Camera;LiDAR_3D,ATE_RMSE;Success_Rate,NOT_REPORTED,mixed_or_not_reported,Parsed from 9-page PDF. Primary evaluation: Both_Real_and_Sim with sensors [IMU;Monocular_Camera;LiDAR_3D].
REC_0215,GPS-Denied UAV-UGV Relative Positioning System via Vision-UWB Fusion,G. Mingyang,2023,IEEE Conference/Journal,Visual_LiDAR_Inertial_Fusion,IMU;Thermal_Camera;LiDAR_3D;Radar_mmWave;UWB,ATE_RMSE;Relative_Drift_Percent;Success_Rate;Computational_Latency,NOT_REPORTED,mixed_or_not_reported,Parsed from 6-page PDF. Primary evaluation: Simulation with sensors [IMU;Thermal_Camera;LiDAR_3D;Radar_mmWave;UWB].
REC_0218,A Unified Error-State Kalman Filtering Framework for Multi-Sensor Navigation of Fixed-Wing UAVS in GNSS-Denied Scenarios,G. E. V. Hernandez,2026,IEEE Conference/Journal,Visual_Inertial_Odometry,IMU;Monocular_Camera,ATE_RMSE;Relative_Drift_Percent;RMSE;Success_Rate,NOT_REPORTED,mixed_or_not_reported,Parsed from 10-page PDF. Primary evaluation: Real_World with sensors [IMU;Monocular_Camera].
REC_0239,Autonomous Flight Control Design Based on Multi-Sensor Fusion for a Low-Cost Quadrotor in GPS-Denied Environments,J. Guo,2022,IEEE Conference/Journal,Visual_LiDAR_Inertial_Fusion,IMU;Monocular_Camera;LiDAR_3D;UWB,ATE_RMSE;Relative_Drift_Percent;Success_Rate;Computational_Latency,NOT_REPORTED,mixed_or_not_reported,Parsed from 5-page PDF. Primary evaluation: Both_Real_and_Sim with sensors [IMU;Monocular_Camera;LiDAR_3D;UWB].
REC_0246,UAV Platforms for Autonomous Navigation in GPS-Denied Environments for Search and Rescue Missions,E. Ngo,2022,IEEE Conference/Journal,Visual_LiDAR_Inertial_Fusion,IMU;Stereo_Camera;LiDAR_2D;Sonar,ATE_RMSE;Relative_Drift_Percent;Success_Rate;Computational_Latency,NOT_REPORTED,mixed_or_not_reported,Parsed from 8-page PDF. Primary evaluation: Both_Real_and_Sim with sensors [IMU;Stereo_Camera;LiDAR_2D;Sonar].
REC_0255,A stereo and rotating laser framework for UAV navigation in GPS denied environment,Hailong Qin,2016,IEEE Conference/Journal,Visual_LiDAR_Inertial_Fusion,IMU;Stereo_Camera;LiDAR_2D,ATE_RMSE;Relative_Drift_Percent;Success_Rate,NOT_REPORTED,mixed_or_not_reported,Parsed from 6-page PDF. Primary evaluation: Real_World with sensors [IMU;Stereo_Camera;LiDAR_2D].
REC_0264,Autonomous UAV Navigation for Target Detection in Visually Degraded and GPS Denied Environments,S. Boiteau,2023,IEEE Conference/Journal,Visual_LiDAR_Inertial_Fusion,IMU;Stereo_Camera;LiDAR_3D;Radar_mmWave;Sonar,ATE_RMSE;Success_Rate,NOT_REPORTED,mixed_or_not_reported,Parsed from 10-page PDF. Primary evaluation: Simulation with sensors [IMU;Stereo_Camera;LiDAR_3D;Radar_mmWave;Sonar].
REC_0271,Hybrid IMU-Aided Approach for Optimized Visual Odometry,A. Mahmoud,2019,IEEE Conference/Journal,Visual_LiDAR_Inertial_Fusion,IMU;Stereo_Camera;LiDAR_3D;Optical_Flow,ATE_RMSE;Relative_Drift_Percent;Success_Rate;Computational_Latency,NOT_REPORTED,mixed_or_not_reported,Parsed from 5-page PDF. Primary evaluation: Both_Real_and_Sim with sensors [IMU;Stereo_Camera;LiDAR_3D;Optical_Flow].
REC_0278,Navigation Methods for UAVs in GNSS-Denied Environments Using Artificial Intelligence,N. V. Quynh,2026,IEEE Conference/Journal,Radio_Based_Positioning,IMU;Radar_mmWave,ATE_RMSE;Relative_Drift_Percent;Success_Rate;Computational_Latency,NOT_REPORTED,mixed_or_not_reported,Parsed from 6-page PDF. Primary evaluation: Both_Real_and_Sim with sensors [IMU;Radar_mmWave].
REC_0281,UAV Tracking with Lidar as a Camera Sensor in GNSS-Denied Environments,H. Sier,2023,IEEE Conference/Journal,Visual_LiDAR_Inertial_Fusion,IMU;Stereo_Camera;LiDAR_3D;Radar_mmWave;UWB,ATE_RMSE;RMSE;Success_Rate;Computational_Latency,NOT_REPORTED,mixed_or_not_reported,Parsed from 7-page PDF. Primary evaluation: Both_Real_and_Sim with sensors [IMU;Stereo_Camera;LiDAR_3D;Radar_mmWave;UWB].
REC_0345,Distance function based 6DOF localization for unmanned aerial vehicles in GPS denied environments,J. Unicomb,2017,IEEE Conference/Journal,Visual_LiDAR_Inertial_Fusion,IMU;Stereo_Camera;LiDAR_3D,ATE_RMSE;Relative_Drift_Percent;Success_Rate;Computational_Latency,NOT_REPORTED,mixed_or_not_reported,Parsed from 7-page PDF. Primary evaluation: Simulation with sensors [IMU;Stereo_Camera;LiDAR_3D].
REC_0346,Autonomous Flight in Unknown GNSS-denied Environments for Disaster Examination,D. Schleich,2021,IEEE Conference/Journal,LiDAR_Inertial_Odometry_SLAM,IMU;Thermal_Camera;LiDAR_3D;Radar_mmWave,ATE_RMSE;Relative_Drift_Percent;Success_Rate;Computational_Latency,NOT_REPORTED,mixed_or_not_reported,Parsed from 8-page PDF. Primary evaluation: Real_World with sensors [IMU;Thermal_Camera;LiDAR_3D;Radar_mmWave].
REC_0369,Autonomous Flight Control of a Nano Quadrotor Helicopter in a GPS-Denied Environment Using On-Board Vision,X. Zhang,2015,IEEE Conference/Journal,Visual_Inertial_Odometry,IMU;Monocular_Camera;LiDAR_2D,ATE_RMSE;Relative_Drift_Percent;Success_Rate;Computational_Latency,NOT_REPORTED,mixed_or_not_reported,Parsed from 12-page PDF. Primary evaluation: Simulation with sensors [IMU;Monocular_Camera;LiDAR_2D].
REC_0388,Multi-UAV Cooperative Navigation Based on Multisource Information Fusion: A Review,F. Song,2026,IEEE Conference/Journal,Visual_LiDAR_Inertial_Fusion,IMU;Stereo_Camera;LiDAR_3D;Radar_mmWave;UWB;Optical_Flow;Sonar,ATE_RMSE;Relative_Drift_Percent;Success_Rate;Computational_Latency,NOT_REPORTED,mixed_or_not_reported,Parsed from 31-page PDF. Primary evaluation: Both_Real_and_Sim with sensors [IMU;Stereo_Camera;LiDAR_3D;Radar_mmWave;UWB;Optical_Flow;Sonar].
REC_0391,Multi-UAV Collaboration and IMU Fusion Localization Method in Partial GNSS-Denied Scenarios,Y. Zheng,2023,IEEE Conference/Journal,Visual_Inertial_Odometry,IMU;Monocular_Camera;UWB;Optical_Flow,ATE_RMSE;RMSE;Success_Rate,NOT_REPORTED,mixed_or_not_reported,Parsed from 14-page PDF. Primary evaluation: Simulation with sensors [IMU;Monocular_Camera;UWB;Optical_Flow].
REC_0409,Dust-Resilient Autonomous Navigation and Mapping for UAVs in GNSS-Denied Underground Tunnels,M. A. Montes-Grova,2026,IEEE Conference/Journal,Visual_LiDAR_Inertial_Fusion,IMU;Thermal_Camera;LiDAR_3D,ATE_RMSE;Relative_Drift_Percent;Success_Rate;Computational_Latency,NOT_REPORTED,mixed_or_not_reported,Parsed from 6-page PDF. Primary evaluation: Real_World with sensors [IMU;Thermal_Camera;LiDAR_3D].
REC_0426,Leonardo Drone Contest 2021: Politecnico di Milano team architecture,G. Roggi,2022,IEEE Conference/Journal,Visual_LiDAR_Inertial_Fusion,IMU;Stereo_Camera;LiDAR_2D,ATE_RMSE;Relative_Drift_Percent;Success_Rate,NOT_REPORTED,mixed_or_not_reported,Parsed from 6-page PDF. Primary evaluation: Simulation with sensors [IMU;Stereo_Camera;LiDAR_2D].
REC_0438,Vision-based object path following on a quadcopter for GPS-denied environments,D. H. S. De Mel,2017,IEEE Conference/Journal,Radio_Based_Positioning,IMU;Monocular_Camera;Optical_Flow;Sonar,ATE_RMSE;Relative_Drift_Percent;Success_Rate;Computational_Latency,NOT_REPORTED,mixed_or_not_reported,Parsed from 6-page PDF. Primary evaluation: Simulation with sensors [IMU;Monocular_Camera;Optical_Flow;Sonar].
REC_0459,Safe Tightly-Constrained UAV Swarming in GNSS-denied Environments,A. Dmytruk,2021,IEEE Conference/Journal,Visual_LiDAR_Inertial_Fusion,IMU;Monocular_Camera;LiDAR_3D,ATE_RMSE;Computational_Latency,NOT_REPORTED,mixed_or_not_reported,Parsed from 9-page PDF. Primary evaluation: Both_Real_and_Sim with sensors [IMU;Monocular_Camera;LiDAR_3D].
REC_0464,Relative visual-inertial odometry for fixed-wing aircraft in GPS-denied environments,G. Ellingson,2018,IEEE Conference/Journal,Visual_Inertial_Odometry,IMU;Stereo_Camera;LiDAR_2D,ATE_RMSE;Relative_Drift_Percent;Success_Rate;Computational_Latency,NOT_REPORTED,mixed_or_not_reported,Parsed from 7-page PDF. Primary evaluation: Simulation with sensors [IMU;Stereo_Camera;LiDAR_2D].
REC_0469,Design and Flight Test of an Aerial Manipulator for Applications in GPS-Denied Environments,M. Ng,2022,IEEE Conference/Journal,Visual_Inertial_Odometry,IMU;Depth_Camera,ATE_RMSE;Relative_Drift_Percent,NOT_REPORTED,mixed_or_not_reported,Parsed from 11-page PDF. Primary evaluation: Both_Real_and_Sim with sensors [IMU;Depth_Camera].
REC_0475,P2P-DroneLoc: Peer-to-Peer Localization for GPS-Denied Drones using Camera and WiFi Fine Time Measurement,K. Ashraf,2022,IEEE Conference/Journal,Visual_Inertial_Odometry,IMU;Monocular_Camera;Radar_mmWave,ATE_RMSE;Success_Rate;Computational_Latency,NOT_REPORTED,mixed_or_not_reported,Parsed from 6-page PDF. Primary evaluation: Real_World with sensors [IMU;Monocular_Camera;Radar_mmWave].
REC_0481,An Onboard Transformer-Based Physics-Informed System for UAV Trajectory Prediction and State Classification in GNSS-Denied Environments,N. Souli,2026,IEEE Conference/Journal,Visual_Inertial_Odometry,IMU;Monocular_Camera;Optical_Flow,ATE_RMSE;Relative_Drift_Percent;Success_Rate;Computational_Latency,NOT_REPORTED,mixed_or_not_reported,Parsed from 8-page PDF. Primary evaluation: Real_World with sensors [IMU;Monocular_Camera;Optical_Flow].
REC_0485,Multi-Sensor 6-DoF Localization For Aerial Robots In Complex GNSS-Denied Environments,J. L. Paneque,2019,IEEE Conference/Journal,Visual_LiDAR_Inertial_Fusion,IMU;Stereo_Camera;LiDAR_3D;UWB,ATE_RMSE;Relative_Drift_Percent;Success_Rate;Computational_Latency,NOT_REPORTED,mixed_or_not_reported,Parsed from 7-page PDF. Primary evaluation: Simulation with sensors [IMU;Stereo_Camera;LiDAR_3D;UWB].
REC_0489,UAV Vision Aided INS/Odometer Integration for Land Vehicle Autonomous Navigation,J. Dong,2022,IEEE Conference/Journal,Visual_Inertial_Odometry,IMU;Stereo_Camera;LiDAR_3D,ATE_RMSE;Relative_Drift_Percent;Success_Rate;Computational_Latency,NOT_REPORTED,mixed_or_not_reported,Parsed from 16-page PDF. Primary evaluation: Simulation with sensors [IMU;Stereo_Camera;LiDAR_3D].
REC_0502,LD3DGS-SLAM: Long-Distance Monocular SLAM With 3-D Gaussian Splatting and GNSS-Aided Localization for UAVs,D. Li,2026,IEEE Conference/Journal,Visual_LiDAR_Inertial_Fusion,IMU;Stereo_Camera;LiDAR_3D,ATE_RMSE;Relative_Drift_Percent;RMSE;Success_Rate;Computational_Latency,1.6641m,mixed_or_not_reported,Parsed from 21-page PDF. Primary evaluation: Both_Real_and_Sim with sensors [IMU;Stereo_Camera;LiDAR_3D].
REC_0503,Decimeter-Accuracy Positioning for Drones Using Two-Stage Trilateration in a GPS-Denied Environment,Y. -E. Chen,2023,IEEE Conference/Journal,Visual_LiDAR_Inertial_Fusion,IMU;Stereo_Camera;LiDAR_3D;Radar_mmWave;UWB;Sonar,ATE_RMSE;Relative_Drift_Percent;RMSE;Success_Rate;Computational_Latency,NOT_REPORTED,mixed_or_not_reported,Parsed from 8-page PDF. Primary evaluation: Both_Real_and_Sim with sensors [IMU;Stereo_Camera;LiDAR_3D;Radar_mmWave;UWB;Sonar].
REC_0534,Integrated UWB-Vision Approach for Autonomous Docking of UAVs in GPS-denied Environments,T. -M. Nguyen,2019,IEEE Conference/Journal,Visual_Inertial_Odometry,IMU;Stereo_Camera;LiDAR_3D;UWB,ATE_RMSE;RMSE;Success_Rate;Computational_Latency,NOT_REPORTED,mixed_or_not_reported,Parsed from 7-page PDF. Primary evaluation: Real_World with sensors [IMU;Stereo_Camera;LiDAR_3D;UWB].
REC_0544,Season-Invariant GNSS-Denied Visual Localization for UAVs,J. Kinnari,2022,IEEE Conference/Journal,Visual_Inertial_Odometry,IMU;Monocular_Camera,ATE_RMSE;Relative_Drift_Percent;Success_Rate,NOT_REPORTED,mixed_or_not_reported,Parsed from 8-page PDF. Primary evaluation: Both_Real_and_Sim with sensors [IMU;Monocular_Camera].
REC_0594,Google map aided visual navigation for UAVs in GPS-denied environment,M. Shan,2015,IEEE Conference/Journal,Thermal_Inertial_Odometry,IMU;Thermal_Camera,ATE_RMSE;Relative_Drift_Percent;RMSE;Success_Rate;Computational_Latency,NOT_REPORTED,mixed_or_not_reported,Parsed from 6-page PDF. Primary evaluation: Simulation with sensors [IMU;Thermal_Camera].
REC_0598,Compact Passive Millimeter Wave Imager for Degraded Visual and GPS-Denied Navigation,T. Dillon,2019,IEEE Conference/Journal,Visual_Inertial_Odometry,IMU;Thermal_Camera;LiDAR_3D;Optical_Flow,ATE_RMSE;Computational_Latency,NOT_REPORTED,mixed_or_not_reported,Parsed from 4-page PDF. Primary evaluation: Both_Real_and_Sim with sensors [IMU;Thermal_Camera;LiDAR_3D;Optical_Flow].
REC_0617,Visual-Inertial Fusion for Indoor Autonomous Navigation of a Quadrotor Using ORB-SLAM,S. J. Haddadi,2018,IEEE Conference/Journal,Visual_LiDAR_Inertial_Fusion,IMU;Depth_Camera;LiDAR_3D;Sonar,ATE_RMSE;Relative_Drift_Percent;Success_Rate,NOT_REPORTED,mixed_or_not_reported,Parsed from 6-page PDF. Primary evaluation: Real_World with sensors [IMU;Depth_Camera;LiDAR_3D;Sonar].
REC_0620,Terrain Aided Planetary UAV Localization Based on Geo-referencing,X. Wan,2022,IEEE Conference/Journal,Visual_LiDAR_Inertial_Fusion,IMU;Stereo_Camera;LiDAR_3D,ATE_RMSE;Relative_Drift_Percent;RMSE;Success_Rate;Computational_Latency,NOT_REPORTED,mixed_or_not_reported,Parsed from 18-page PDF. Primary evaluation: Simulation with sensors [IMU;Stereo_Camera;LiDAR_3D].
REC_0622,Micro-Drone Ego-Velocity and Height Estimation in GPS-Denied Environments Using an FMCW MIMO Radar,J. Barra,2023,IEEE Conference/Journal,Visual_LiDAR_Inertial_Fusion,IMU;Stereo_Camera;LiDAR_3D;Radar_mmWave;UWB;Sonar,ATE_RMSE;Success_Rate;Computational_Latency,NOT_REPORTED,mixed_or_not_reported,Parsed from 9-page PDF. Primary evaluation: Both_Real_and_Sim with sensors [IMU;Stereo_Camera;LiDAR_3D;Radar_mmWave;UWB;Sonar].
REC_0639,A Vision-Based Approach to Autonomous Landing of an eVTOL Aircraft in GPS-Denied Environments,F. V. Benitez,2023,IEEE Conference/Journal,Visual_Inertial_Odometry,IMU;Thermal_Camera,ATE_RMSE;Success_Rate,NOT_REPORTED,mixed_or_not_reported,Parsed from 6-page PDF. Primary evaluation: Real_World with sensors [IMU;Thermal_Camera].
REC_0644,Autonomous Localization and Navigation for Drones Over Rivers,P. -C. Wu,2026,IEEE Conference/Journal,Visual_Inertial_Odometry,IMU;Stereo_Camera;UWB;Optical_Flow,ATE_RMSE;Relative_Drift_Percent;Success_Rate;Computational_Latency,NOT_REPORTED,mixed_or_not_reported,Parsed from 19-page PDF. Primary evaluation: Both_Real_and_Sim with sensors [IMU;Stereo_Camera;UWB;Optical_Flow].
REC_0647,Radiation Source Localization in GPS-Denied Environments Using Aerial Robots,F. Mascarich,2018,IEEE Conference/Journal,Visual_Inertial_Odometry,IMU;Stereo_Camera,ATE_RMSE;Relative_Drift_Percent;Success_Rate;Computational_Latency,NOT_REPORTED,mixed_or_not_reported,Parsed from 8-page PDF. Primary evaluation: Simulation with sensors [IMU;Stereo_Camera].
REC_0652,Reinforcement Learning-Based Autonomous UAV Navigation in Indoor Environments Towards Human Detection,V. Geeganage,2026,IEEE Conference/Journal,Visual_Inertial_Odometry,IMU;Monocular_Camera;LiDAR_3D,ATE_RMSE;Success_Rate;Computational_Latency,NOT_REPORTED,mixed_or_not_reported,Parsed from 6-page PDF. Primary evaluation: Both_Real_and_Sim with sensors [IMU;Monocular_Camera;LiDAR_3D].
REC_0656,Vision-Based UAV Localization by Aerial and Satellite Image Matching,H. -Y. Lin,2026,IEEE Conference/Journal,Visual_LiDAR_Inertial_Fusion,IMU;Stereo_Camera;LiDAR_3D;UWB,ATE_RMSE;Relative_Drift_Percent;RMSE;Success_Rate;Computational_Latency,NOT_REPORTED,mixed_or_not_reported,Parsed from 10-page PDF. Primary evaluation: Real_World with sensors [IMU;Stereo_Camera;LiDAR_3D;UWB].
REC_0687,On the scalability of experimentally determined aerodynamic model for model-based navigation on a delta-wing UAV,P. Longobardi,2023,IEEE Conference/Journal,Visual_LiDAR_Inertial_Fusion,IMU;Thermal_Camera;LiDAR_3D,ATE_RMSE;Relative_Drift_Percent;Success_Rate,NOT_REPORTED,mixed_or_not_reported,Parsed from 6-page PDF. Primary evaluation: Both_Real_and_Sim with sensors [IMU;Thermal_Camera;LiDAR_3D].
REC_0688,Single Vehicle Localization and Routing in GPS-Denied Environments Using Range-Only Measurements,S. Misra,2020,IEEE Conference/Journal,LiDAR_Inertial_Odometry_SLAM,IMU;Stereo_Camera;LiDAR_3D;Radar_mmWave,ATE_RMSE;Success_Rate;Computational_Latency,NOT_REPORTED,mixed_or_not_reported,Parsed from 14-page PDF. Primary evaluation: Both_Real_and_Sim with sensors [IMU;Stereo_Camera;LiDAR_3D;Radar_mmWave].
REC_0701,Vision-Based Autonomous Drone Navigation Using Deep Reinforcement Learning,N. Narole,2026,IEEE Conference/Journal,LiDAR_Inertial_Odometry_SLAM,IMU;Stereo_Camera;LiDAR_3D;Radar_mmWave;Optical_Flow,ATE_RMSE;RMSE;Success_Rate;Computational_Latency,NOT_REPORTED,mixed_or_not_reported,Parsed from 6-page PDF. Primary evaluation: Both_Real_and_Sim with sensors [IMU;Stereo_Camera;LiDAR_3D;Radar_mmWave;Optical_Flow].
REC_0705,Recursive Extended Finite-Memory Positioning Algorithm for Robust UAV Positioning in GNSS-Denied Environment,S. S. Lee,2026,IEEE Conference/Journal,Visual_LiDAR_Inertial_Fusion,IMU;Monocular_Camera;LiDAR_3D;UWB,ATE_RMSE;Success_Rate;Computational_Latency,NOT_REPORTED,mixed_or_not_reported,Parsed from 13-page PDF. Primary evaluation: Both_Real_and_Sim with sensors [IMU;Monocular_Camera;LiDAR_3D;UWB].
REC_0706,Towards Robust UAV Tracking in GNSS-Denied Environments: A Multi-LiDAR Multi-UAV Dataset,I. Catalano,2023,IEEE Conference/Journal,Visual_LiDAR_Inertial_Fusion,IMU;Thermal_Camera;LiDAR_3D;Radar_mmWave;UWB,ATE_RMSE;RMSE;Success_Rate;Computational_Latency,NOT_REPORTED,mixed_or_not_reported,Parsed from 7-page PDF. Primary evaluation: Both_Real_and_Sim with sensors [IMU;Thermal_Camera;LiDAR_3D;Radar_mmWave;UWB].
REC_0713,Autonomous UAV Pipeline Landing via Depth-LiDAR Fusion in GNSS-Denied Refineries,D. Tejero-Ruiz,2026,IEEE Conference/Journal,Visual_LiDAR_Inertial_Fusion,IMU;Stereo_Camera;LiDAR_3D,ATE_RMSE;Relative_Drift_Percent;RMSE;Success_Rate;Computational_Latency,NOT_REPORTED,mixed_or_not_reported,Parsed from 8-page PDF. Primary evaluation: Real_World with sensors [IMU;Stereo_Camera;LiDAR_3D].
REC_0719,Autonomous landing of small unmanned aerial rotorcraft based on monocular vision in GPS-denied area,C. Miao,2015,IEEE Conference/Journal,Visual_Inertial_Odometry,IMU;Stereo_Camera,ATE_RMSE;Relative_Drift_Percent;Success_Rate;Computational_Latency,NOT_REPORTED,mixed_or_not_reported,Parsed from 6-page PDF. Primary evaluation: Simulation with sensors [IMU;Stereo_Camera].
REC_0752,Cooperative localisation of UAVs in a GPS-denied environment using bearing measurements,L. Zhang,2016,IEEE Conference/Journal,Visual_Inertial_Odometry,IMU,ATE_RMSE;Relative_Drift_Percent;Success_Rate,NOT_REPORTED,mixed_or_not_reported,Parsed from 7-page PDF. Primary evaluation: Both_Real_and_Sim with sensors [IMU].
REC_0814,Monocular Vision Aided Autonomous UAV Navigation in Indoor Corridor Environments,R. P. Padhy,2019,IEEE Conference/Journal,Visual_LiDAR_Inertial_Fusion,IMU;Stereo_Camera;LiDAR_3D;UWB,ATE_RMSE;Success_Rate;Computational_Latency,NOT_REPORTED,mixed_or_not_reported,Parsed from 13-page PDF. Primary evaluation: Real_World with sensors [IMU;Stereo_Camera;LiDAR_3D;UWB].
REC_0816,Feature 3D Gaussian Splatting for UAV-to-Ship Pose Estimation in GNSS-Denied Environments,A. Bernas,2026,IEEE Conference/Journal,Visual_Inertial_Odometry,IMU;Depth_Camera,ATE_RMSE;Relative_Drift_Percent;RMSE;Success_Rate;Computational_Latency,NOT_REPORTED,mixed_or_not_reported,Parsed from 8-page PDF. Primary evaluation: Real_World with sensors [IMU;Depth_Camera].
REC_0824,A Homography-Based Visual Servo Control Approach for an Underactuated Unmanned Aerial Vehicle in GPS-Denied Environments,H. Zhong,2023,IEEE Conference/Journal,Visual_Inertial_Odometry,IMU;Monocular_Camera,ATE_RMSE;Success_Rate;Computational_Latency,NOT_REPORTED,mixed_or_not_reported,Parsed from 11-page PDF. Primary evaluation: Both_Real_and_Sim with sensors [IMU;Monocular_Camera].
REC_0857,SwarmRaft: Leveraging Consensus for Robust Drone Swarm Coordination in GNSS-Degraded Environments,K. Dev,2026,IEEE Conference/Journal,Visual_Inertial_Odometry,IMU;Monocular_Camera;LiDAR_3D,ATE_RMSE;Relative_Drift_Percent;Success_Rate;Computational_Latency,NOT_REPORTED,mixed_or_not_reported,Parsed from 9-page PDF. Primary evaluation: Both_Real_and_Sim with sensors [IMU;Monocular_Camera;LiDAR_3D].
REC_0859,A Multimode Visual-Inertial Navigation Method for Fixed-wing Aircraft Approach and Landing in GPS-denied and Low Visibility Environments,X. Song,2019,IEEE Conference/Journal,Thermal_Inertial_Odometry,IMU;Thermal_Camera;Radar_mmWave;Sonar,ATE_RMSE;Success_Rate;Computational_Latency,NOT_REPORTED,mixed_or_not_reported,Parsed from 10-page PDF. Primary evaluation: Both_Real_and_Sim with sensors [IMU;Thermal_Camera;Radar_mmWave;Sonar].
REC_0870,"Recent Trends, Techniques, and Applications of AI Based Autonomous Drones",H. M. Raghuwanshi,2026,IEEE Conference/Journal,Visual_LiDAR_Inertial_Fusion,IMU;Thermal_Camera;LiDAR_3D;Radar_mmWave,ATE_RMSE;Success_Rate;Computational_Latency,NOT_REPORTED,mixed_or_not_reported,Parsed from 6-page PDF. Primary evaluation: Both_Real_and_Sim with sensors [IMU;Thermal_Camera;LiDAR_3D;Radar_mmWave].
REC_0932,Development of a Plug-and-Play Infrared Landing System for Multirotor Unmanned Aerial Vehicles,E. Nowak,2017,IEEE Conference/Journal,Visual_Inertial_Odometry,IMU;Stereo_Camera,ATE_RMSE;Success_Rate,NOT_REPORTED,mixed_or_not_reported,Parsed from 5-page PDF. Primary evaluation: Real_World with sensors [IMU;Stereo_Camera].
REC_0951,PSS-LIO A Computationally Efficient LiDAR-Inertial Odometry Framework for UAV Building Inspection via Geometric Predictability and Structure Prior Learning,Y. Wang,2026,IEEE Conference/Journal,Visual_LiDAR_Inertial_Fusion,IMU;Depth_Camera;LiDAR_3D,ATE_RMSE;Relative_Drift_Percent;RMSE;Success_Rate;Computational_Latency,NOT_REPORTED,mixed_or_not_reported,Parsed from 12-page PDF. Primary evaluation: Real_World with sensors [IMU;Depth_Camera;LiDAR_3D].
REC_0960,Cooperative Visual Inertial Odometry for Heterogeneous Swarm of Drones Navigating in Noisy Environments,K. C. Atik,2022,IEEE Conference/Journal,Visual_LiDAR_Inertial_Fusion,IMU;Stereo_Camera;LiDAR_3D;UWB,ATE_RMSE;Relative_Drift_Percent;RMSE;Success_Rate;Computational_Latency,NOT_REPORTED,mixed_or_not_reported,Parsed from 8-page PDF. Primary evaluation: Simulation with sensors [IMU;Stereo_Camera;LiDAR_3D;UWB].
REC_0981,Multi-sensor Data Analysis in Terms of Autonomous Drone Flight without GPS,G. Issassis,2023,IEEE Conference/Journal,Visual_Inertial_Odometry,IMU;Thermal_Camera,ATE_RMSE;Success_Rate,NOT_REPORTED,mixed_or_not_reported,Parsed from 7-page PDF. Primary evaluation: Simulation with sensors [IMU;Thermal_Camera].
REC_0986,Field Test Results of GNSS-denied Inertial Navigation aided by Phased-array Radio Systems for UAVs,K. Gryte,2019,IEEE Conference/Journal,Visual_Inertial_Odometry,IMU;Monocular_Camera;Radar_mmWave;Sonar,ATE_RMSE;RMSE;Success_Rate;Computational_Latency,NOT_REPORTED,mixed_or_not_reported,Parsed from 9-page PDF. Primary evaluation: Simulation with sensors [IMU;Monocular_Camera;Radar_mmWave;Sonar].
REC_0993,"Fast, autonomous flight in GPS-denied and cluttered environments",Mohta K.,2018,IEEE Conference/Journal,Visual_LiDAR_Inertial_Fusion,IMU;Stereo_Camera;LiDAR_3D,ATE_RMSE;Relative_Drift_Percent;Success_Rate;Computational_Latency,NOT_REPORTED,mixed_or_not_reported,Parsed from 30-page PDF. Primary evaluation: Real_World with sensors [IMU;Stereo_Camera;LiDAR_3D].
REC_0994,Automated localization of UAVs in GPS-denied indoor construction environments using fiducial markers,Nahangi M.,2018,IEEE Conference/Journal,Thermal_Inertial_Odometry,IMU;Thermal_Camera;LiDAR_2D;UWB,ATE_RMSE;Relative_Drift_Percent;Success_Rate;Computational_Latency,NOT_REPORTED,mixed_or_not_reported,Parsed from 7-page PDF. Primary evaluation: Simulation with sensors [IMU;Thermal_Camera;LiDAR_2D;UWB].
REC_1001,Perception and navigation for an autonomous quadrotor in GPS-denied environments,Saeedi S.,2016,IEEE Conference/Journal,Visual_Inertial_Odometry,IMU;Stereo_Camera;LiDAR_2D;Sonar,ATE_RMSE;Success_Rate;Computational_Latency,NOT_REPORTED,mixed_or_not_reported,Parsed from 39-page PDF. Primary evaluation: Both_Real_and_Sim with sensors [IMU;Stereo_Camera;LiDAR_2D;Sonar].
REC_1006,A comprehensive survey on autonomous UAV navigation and control systems,Izakshiri A.,2026,IEEE Conference/Journal,Visual_LiDAR_Inertial_Fusion,IMU;Stereo_Camera;LiDAR_3D;Radar_mmWave;Optical_Flow,ATE_RMSE;Relative_Drift_Percent;Success_Rate;Computational_Latency,NOT_REPORTED,mixed_or_not_reported,Parsed from 18-page PDF. Primary evaluation: Both_Real_and_Sim with sensors [IMU;Stereo_Camera;LiDAR_3D;Radar_mmWave;Optical_Flow].
REC_1007,Robust geo-localization of UAVSAR in GPS-Denied environments using deep cross-modality matching with google Earth imagery,Naanjam R.,2026,IEEE Conference/Journal,Visual_Inertial_Odometry,IMU;Stereo_Camera;Radar_mmWave;Optical_Flow,ATE_RMSE;RMSE;Success_Rate;Computational_Latency,NOT_REPORTED,mixed_or_not_reported,Parsed from 21-page PDF. Primary evaluation: Real_World with sensors [IMU;Stereo_Camera;Radar_mmWave;Optical_Flow].
REC_1018,OPsCV: A Robust Framework for Aerial Navigation under Global Positioning System Denied Conditions,Xavier N.A.Z.,2026,IEEE Conference/Journal,Visual_LiDAR_Inertial_Fusion,IMU;Monocular_Camera;LiDAR_3D;Radar_mmWave;Sonar,ATE_RMSE;Relative_Drift_Percent;Success_Rate;Computational_Latency,NOT_REPORTED,mixed_or_not_reported,Parsed from 24-page PDF. Primary evaluation: Both_Real_and_Sim with sensors [IMU;Monocular_Camera;LiDAR_3D;Radar_mmWave;Sonar].
REC_1025,A Survey on Radio Frequency based Precise Localisation Technology for UAV in GPS-denied Environment,Yang B.,2021,IEEE Conference/Journal,Visual_LiDAR_Inertial_Fusion,IMU;Stereo_Camera;LiDAR_3D;Radar_mmWave;UWB;Sonar,ATE_RMSE;Relative_Drift_Percent;RMSE;Success_Rate;Computational_Latency,NOT_REPORTED,mixed_or_not_reported,Parsed from 44-page PDF. Primary evaluation: Simulation with sensors [IMU;Stereo_Camera;LiDAR_3D;Radar_mmWave;UWB;Sonar].
REC_1105,3D SCENE RECONSTRUCTION AND PATH PLANNING METHOD FOR UAV IN GNSS-DENIED ENVIRONMENT,Jin Q.,2022,IEEE Conference/Journal,Visual_LiDAR_Inertial_Fusion,IMU;Monocular_Camera;LiDAR_3D,ATE_RMSE;Relative_Drift_Percent;Computational_Latency,NOT_REPORTED,mixed_or_not_reported,Parsed from 7-page PDF. Primary evaluation: Both_Real_and_Sim with sensors [IMU;Monocular_Camera;LiDAR_3D].
REC_1146,Micro-radar and UWB aided UAV navigation in GNSS denied environment,Zahran S.,2018,IEEE Conference/Journal,Visual_LiDAR_Inertial_Fusion,IMU;Stereo_Camera;LiDAR_3D;Radar_mmWave;UWB;Optical_Flow,ATE_RMSE;Relative_Drift_Percent;RMSE;Success_Rate;Computational_Latency,NOT_REPORTED,mixed_or_not_reported,Parsed from 8-page PDF. Primary evaluation: Real_World with sensors [IMU;Stereo_Camera;LiDAR_3D;Radar_mmWave;UWB;Optical_Flow].
REC_1148,UAV-Based Structural Health Monitoring Using a Two-Stage CNN Model with Lighthouse Localization in GNSS-Denied Environments,Chu T.S.C.,2025,IEEE Conference/Journal,LiDAR_Inertial_Odometry_SLAM,IMU;Thermal_Camera;LiDAR_3D;Radar_mmWave;UWB;Optical_Flow,ATE_RMSE;Relative_Drift_Percent;Success_Rate;Computational_Latency,NOT_REPORTED,mixed_or_not_reported,Parsed from 13-page PDF. Primary evaluation: Both_Real_and_Sim with sensors [IMU;Thermal_Camera;LiDAR_3D;Radar_mmWave;UWB;Optical_Flow].
REC_1159,GPS-Denied Navigation Aided by Synthetic Aperture Radar Using the Range-Doppler Algorithm,Lindstrom C.,2022,IEEE Conference/Journal,Visual_LiDAR_Inertial_Fusion,IMU;Monocular_Camera;LiDAR_3D;Radar_mmWave;UWB;Sonar,ATE_RMSE;Relative_Drift_Percent;Success_Rate;Computational_Latency,NOT_REPORTED,mixed_or_not_reported,Parsed from 29-page PDF. Primary evaluation: Both_Real_and_Sim with sensors [IMU;Monocular_Camera;LiDAR_3D;Radar_mmWave;UWB;Sonar].
REC_1192,Indoor UAV Localization Using a Tether,Xiao X.,2018,IEEE Conference/Journal,Visual_SLAM,IMU;Stereo_Camera;LiDAR_3D;UWB,ATE_RMSE;Relative_Drift_Percent;Success_Rate;Computational_Latency,NOT_REPORTED,mixed_or_not_reported,Parsed from 6-page PDF. Primary evaluation: Real_World with sensors [IMU;Stereo_Camera;LiDAR_3D;UWB].
REC_1207,GPS-denied indoor and outdoor monocular vision aided navigation and control of unmanned aircraft,Chowdhary G.,2013,IEEE Conference/Journal,Visual_Inertial_Odometry,IMU;Stereo_Camera;LiDAR_3D;Sonar,ATE_RMSE;Relative_Drift_Percent;Success_Rate;Computational_Latency,NOT_REPORTED,mixed_or_not_reported,Parsed from 45-page PDF. Primary evaluation: Both_Real_and_Sim with sensors [IMU;Stereo_Camera;LiDAR_3D;Sonar].
REC_1217,Vision based UAS navigation for RFI localization,Perkins A.,2018,IEEE Conference/Journal,Visual_LiDAR_Inertial_Fusion,IMU;Stereo_Camera;LiDAR_3D,ATE_RMSE;Relative_Drift_Percent;RMSE;Success_Rate;Computational_Latency,NOT_REPORTED,mixed_or_not_reported,Parsed from 11-page PDF. Primary evaluation: Simulation with sensors [IMU;Stereo_Camera;LiDAR_3D].
REC_1245,Fusion of Optical Flow and Dead Reckoning Algorithms for UAV Navigation Without GPS,Walczak J.,2025,IEEE Conference/Journal,Visual_Inertial_Odometry,IMU;Monocular_Camera;LiDAR_3D;Radar_mmWave;Optical_Flow;Sonar,ATE_RMSE;Relative_Drift_Percent;RMSE;Success_Rate;Computational_Latency,NOT_REPORTED,mixed_or_not_reported,Parsed from 6-page PDF. Primary evaluation: Both_Real_and_Sim with sensors [IMU;Monocular_Camera;LiDAR_3D;Radar_mmWave;Optical_Flow;Sonar].
REC_1270,Navigation of UAV in GNSS denied area,Pintér M.,2024,IEEE Conference/Journal,Visual_LiDAR_Inertial_Fusion,IMU;Stereo_Camera;LiDAR_3D;Optical_Flow,ATE_RMSE;Relative_Drift_Percent;Success_Rate,NOT_REPORTED,mixed_or_not_reported,Parsed from 4-page PDF. Primary evaluation: Simulation with sensors [IMU;Stereo_Camera;LiDAR_3D;Optical_Flow].
REC_1285,Unmanned autonomous aerial navigation in GPS-denied environments,Habib N.,2020,IEEE Conference/Journal,LiDAR_Inertial_Odometry_SLAM,IMU;Stereo_Camera;LiDAR_3D;Optical_Flow;Sonar,ATE_RMSE;Computational_Latency,NOT_REPORTED,mixed_or_not_reported,Parsed from 4-page PDF. Primary evaluation: Both_Real_and_Sim with sensors [IMU;Stereo_Camera;LiDAR_3D;Optical_Flow;Sonar].
REC_1298,Cooperative Localization for GNSS-Denied Subterranean Navigation: A UAV–UGV Team Approach,Akhihiero D.,2024,IEEE Conference/Journal,Visual_LiDAR_Inertial_Fusion,IMU;Stereo_Camera;LiDAR_3D;UWB,ATE_RMSE;Relative_Drift_Percent;Success_Rate;Computational_Latency,NOT_REPORTED,mixed_or_not_reported,Parsed from 26-page PDF. Primary evaluation: Simulation with sensors [IMU;Stereo_Camera;LiDAR_3D;UWB].
REC_1306,UAV Visual Localization in GNSS-Denied Environments,Wang T.-C.,2026,IEEE Conference/Journal,Visual_Inertial_Odometry,IMU;Monocular_Camera,ATE_RMSE;RMSE;Success_Rate;Computational_Latency,NOT_REPORTED,mixed_or_not_reported,Parsed from 7-page PDF. Primary evaluation: Simulation with sensors [IMU;Monocular_Camera].
REC_1307,An architecture for robust UAV navigation in GPS-denied areas,Perez-Grau F.J.,2018,IEEE Conference/Journal,Visual_LiDAR_Inertial_Fusion,IMU;Stereo_Camera;LiDAR_2D,ATE_RMSE;Relative_Drift_Percent;Success_Rate;Computational_Latency,NOT_REPORTED,mixed_or_not_reported,Parsed from 38-page PDF. Primary evaluation: Both_Real_and_Sim with sensors [IMU;Stereo_Camera;LiDAR_2D].
REC_1308,Multi-sensor Data Fusion for Autonomous Unmanned Aerial Vehicle Navigation in GPS Denied Environments,ELMAS E.E.,2024,IEEE Conference/Journal,Visual_LiDAR_Inertial_Fusion,IMU;Thermal_Camera;LiDAR_3D;Radar_mmWave;Optical_Flow;Sonar,ATE_RMSE;Relative_Drift_Percent;Success_Rate,NOT_REPORTED,mixed_or_not_reported,Parsed from 12-page PDF. Primary evaluation: Both_Real_and_Sim with sensors [IMU;Thermal_Camera;LiDAR_3D;Radar_mmWave;Optical_Flow;Sonar].
REC_1330,UAV VISUAL AUTOLOCALIZATON BASED on AUTOMATIC LANDMARK RECOGNITION,Filho P.S.,2017,IEEE Conference/Journal,Visual_LiDAR_Inertial_Fusion,IMU;Monocular_Camera;LiDAR_3D;Radar_mmWave,ATE_RMSE;Computational_Latency,NOT_REPORTED,mixed_or_not_reported,Parsed from 6-page PDF. Primary evaluation: Both_Real_and_Sim with sensors [IMU;Monocular_Camera;LiDAR_3D;Radar_mmWave].
REC_1358,An experimental analysis of outdoor UAV localisation through diverse estimators and crowd-sensed data fusion,Ahmed M.M.,2024,IEEE Conference/Journal,Visual_LiDAR_Inertial_Fusion,IMU;Stereo_Camera;LiDAR_3D;Radar_mmWave;UWB;Optical_Flow,ATE_RMSE;Relative_Drift_Percent;RMSE;Success_Rate;Computational_Latency,NOT_REPORTED,mixed_or_not_reported,Parsed from 18-page PDF. Primary evaluation: Both_Real_and_Sim with sensors [IMU;Stereo_Camera;LiDAR_3D;Radar_mmWave;UWB;Optical_Flow].
REC_1366,Cooperative Localisation of a GPS-Denied UAV in 3-Dimensional Space Using Direction of Arrival Measurements,Russell J.S.,2017,IEEE Conference/Journal,Visual_Inertial_Odometry,IMU,ATE_RMSE;Relative_Drift_Percent;Success_Rate,NOT_REPORTED,mixed_or_not_reported,Parsed from 7-page PDF. Primary evaluation: Both_Real_and_Sim with sensors [IMU].
REC_1405,Angle Robustness Unmanned Aerial Vehicle Navigation in GNSS-Denied Scenarios,Wang Y.,2024,IEEE Conference/Journal,LiDAR_Inertial_Odometry_SLAM,IMU;Stereo_Camera;LiDAR_3D;Optical_Flow,ATE_RMSE;Success_Rate,30.3%,mixed_or_not_reported,Parsed from 9-page PDF. Primary evaluation: Both_Real_and_Sim with sensors [IMU;Stereo_Camera;LiDAR_3D;Optical_Flow].
REC_1463,Decentralised Multi-UAV Cooperative Searching Multi-Target in Cluttered and GPS-Denied Environments,Zhu X.,2022,IEEE Conference/Journal,Visual_Inertial_Odometry,IMU;Monocular_Camera;LiDAR_3D,ATE_RMSE;Relative_Drift_Percent;Success_Rate;Computational_Latency,NOT_REPORTED,mixed_or_not_reported,Parsed from 11-page PDF. Primary evaluation: Both_Real_and_Sim with sensors [IMU;Monocular_Camera;LiDAR_3D].
REC_1564,Ultra-wideband based cooperative relative localization algorithm and experiments for multiple unmanned aerial vehicles in GPS denied environments,Guo K.,2017,IEEE Conference/Journal,LiDAR_Inertial_Odometry_SLAM,IMU;Monocular_Camera;LiDAR_2D;Radar_mmWave;UWB;Sonar,ATE_RMSE;Relative_Drift_Percent;Success_Rate;Computational_Latency,NOT_REPORTED,mixed_or_not_reported,Parsed from 18-page PDF. Primary evaluation: Both_Real_and_Sim with sensors [IMU;Monocular_Camera;LiDAR_2D;Radar_mmWave;UWB;Sonar].
REC_1573,Visual-based localization methods for unmanned aerial vehicles in landing operation on maritime vessel,Nguyen T.-T.,2024,IEEE Conference/Journal,Visual_LiDAR_Inertial_Fusion,IMU;Stereo_Camera;LiDAR_2D;Radar_mmWave,ATE_RMSE;Relative_Drift_Percent;RMSE;Success_Rate;Computational_Latency,NOT_REPORTED,mixed_or_not_reported,Parsed from 13-page PDF. Primary evaluation: Both_Real_and_Sim with sensors [IMU;Stereo_Camera;LiDAR_2D;Radar_mmWave].
REC_1612,Visual GPS-denied multi-agent localization & terrain classification,Chiel B.S.,2018,IEEE Conference/Journal,Visual_Inertial_Odometry,IMU;Monocular_Camera,ATE_RMSE;Relative_Drift_Percent;Success_Rate,NOT_REPORTED,mixed_or_not_reported,Parsed from 12-page PDF. Primary evaluation: Both_Real_and_Sim with sensors [IMU;Monocular_Camera].
REC_1619,Robust Autonomous Flight in Constrained and Visually Degraded Shipboard Environments,Fang Z.,2017,IEEE Conference/Journal,Visual_LiDAR_Inertial_Fusion,IMU;Stereo_Camera;LiDAR_3D;Sonar,ATE_RMSE;Relative_Drift_Percent;Success_Rate;Computational_Latency,NOT_REPORTED,mixed_or_not_reported,Parsed from 28-page PDF. Primary evaluation: Both_Real_and_Sim with sensors [IMU;Stereo_Camera;LiDAR_3D;Sonar].
REC_1642,UAV based target finding and tracking in GPS-denied and cluttered environments,Vanegas F.,2016,IEEE Conference/Journal,Visual_Inertial_Odometry,IMU;Monocular_Camera,ATE_RMSE;Relative_Drift_Percent;Success_Rate;Computational_Latency,NOT_REPORTED,mixed_or_not_reported,Parsed from 8-page PDF. Primary evaluation: Both_Real_and_Sim with sensors [IMU;Monocular_Camera].
REC_1667,Autonomous Mapping and Navigation Unit for Aerial Robots,Baiao J.,2025,IEEE Conference/Journal,LiDAR_Inertial_Odometry_SLAM,IMU;Stereo_Camera;LiDAR_3D,ATE_RMSE;Relative_Drift_Percent;Success_Rate;Computational_Latency,NOT_REPORTED,mixed_or_not_reported,Parsed from 25-page PDF. Primary evaluation: Simulation with sensors [IMU;Stereo_Camera;LiDAR_3D].
REC_1678,Position and Orientation from Asynchronous Lidar in GNSS Denied Environments,Glennie C.,2026,IEEE Conference/Journal,LiDAR_Inertial_Odometry_SLAM,IMU;LiDAR_2D,ATE_RMSE;Relative_Drift_Percent;Success_Rate,NOT_REPORTED,mixed_or_not_reported,Parsed from 8-page PDF. Primary evaluation: Both_Real_and_Sim with sensors [IMU;LiDAR_2D].
REC_1688,Pose estimation based on laser range finder for a quadrotor unmanned aerial vehicle in GPS-denied environment,X. Gu,2013,IEEE Conference/Journal,Visual_LiDAR_Inertial_Fusion,IMU;Stereo_Camera;LiDAR_2D;Radar_mmWave,ATE_RMSE;Relative_Drift_Percent;Success_Rate;Computational_Latency,NOT_REPORTED,mixed_or_not_reported,Parsed from 63-page PDF. Primary evaluation: Both_Real_and_Sim with sensors [IMU;Stereo_Camera;LiDAR_2D;Radar_mmWave].
REC_1715,"Autonomous targeted flight of a rotary-wing micro aerial vehicle in indoor, GPS-denied environments",Potyagaylo S.,2014,IEEE Conference/Journal,Visual_LiDAR_Inertial_Fusion,IMU;Stereo_Camera;LiDAR_2D;Radar_mmWave,ATE_RMSE;Relative_Drift_Percent;Success_Rate;Computational_Latency,NOT_REPORTED,mixed_or_not_reported,Parsed from 63-page PDF. Primary evaluation: Both_Real_and_Sim with sensors [IMU;Stereo_Camera;LiDAR_2D;Radar_mmWave].
