paper_number,title,authors,year,venue,source,doi,decision,confidence,reason,platform,environment,sensors_detected,method_hint,has_quantitative_result,needs_full_text,source_file
122,Impact of Unmanned Aircraft Regulations on Autonomous Navigation Approaches for Indoor Multi-Rotor Applications — Survey,Y. K. Tay; H. Hesse,2021,"2021 7th International Conference on Control, Automation and Robotics (ICCAR)",IEEE_Xplore,10.1109/ICCAR52225.2021.9463498,EXCLUDE,High,Title indicates secondary literature review/survey ('survey').,['General Robotics'],"['Indoor', 'Urban', 'Forest/Outdoor']","['Camera', 'Radio/UWB']",[],True,False,resp_00122.json
232,Design of an Indoor Surveying and Mapping Robot Based on SLAM Technology,Y. Ai; C. Li,2021,2021 IEEE International Conference on Data Science and Computer Application (ICDSCA),IEEE_Xplore,10.1109/ICDSCA53499.2021.9650125,EXCLUDE,High,Title indicates secondary literature review/survey ('survey').,['UGV'],['Indoor'],"['IMU', 'LiDAR', 'Radio/UWB']",['SLAM'],True,False,resp_00232.json
237,A Comprehensive Review on Sensor Fusion Techniques for Localization of a Dynamic Target in GPS-Denied Environments,S. Wang; N. S. Ahmad,2025,IEEE Access,IEEE_Xplore,10.1109/ACCESS.2024.3519874,EXCLUDE,High,Title indicates secondary literature review/survey ('comprehensive review').,['UAV'],"['Indoor', 'Forest/Outdoor']","['IMU', 'Radio/UWB']","['SLAM', 'Radio Ranging']",True,False,resp_00237.json
242,Survey on UAV navigation in GPS denied environments,G. Balamurugan; J. Valarmathi; V. P. S. Naidu,2016,"2016 International Conference on Signal Processing, Communication, Power and Embedded System (SCOPES)",IEEE_Xplore,10.1109/SCOPES.2016.7955787,EXCLUDE,High,Title indicates secondary literature review/survey ('survey').,['UAV'],"['Indoor', 'Adversarial']","['Camera', 'IMU', 'Radio/UWB']",['SLAM'],True,False,resp_00242.json
312,The Effects of Jamming on Global Positioning System (GPS) Accuracy for Unmanned Aerial Vehicles (UAVs),N. Norhashim; N. L. Mohd Kamal; Z. Sahwee; S. A. Shah; D. Sathyamoorthy,2022,2022 International Conference on Computer and Drone Applications (IConDA),IEEE_Xplore,10.1109/ICONDA56696.2022.10000335,EXCLUDE,High,Focuses on orbital mechanics/spacecraft constellations rather than terrestrial/aerial navigation.,['UAV'],['Adversarial'],"['IMU', 'Radio/UWB']",[],True,False,resp_00312.json
411,A Survey on Odometry for Autonomous Navigation Systems,S. A. S. Mohamed; M. -H. Haghbayan; T. Westerlund; J. Heikkonen; H. Tenhunen; J. Plosila,2019,IEEE Access,IEEE_Xplore,10.1109/ACCESS.2019.2929133,EXCLUDE,High,Title indicates secondary literature review/survey ('survey').,['UGV'],['Indoor'],"['Camera', 'IMU', 'LiDAR', 'Radio/UWB', 'Radar']",[],True,False,resp_00411.json
452,A Survey of LiDAR-Based 3D SLAM in Indoor Degraded Scenarios,Y. Zou; B. Wu; X. Wan; P. Meng,2024,2024 6th International Conference on Frontier Technologies of Information and Computer (ICFTIC),IEEE_Xplore,10.1109/ICFTIC64248.2024.10912938,EXCLUDE,High,Title indicates secondary literature review/survey ('survey').,['General Robotics'],"['Indoor', 'Underground', 'Adversarial']","['Camera', 'IMU', 'LiDAR']",['SLAM'],True,False,resp_00452.json
605,An Operational Concept for Correcting Navigation Drift During Sonar Surveys of the Seafloor,A. J. Hunter; W. A. Connors; S. Dugelay,2018,IEEE Journal of Oceanic Engineering,IEEE_Xplore,10.1109/JOE.2017.2767798,EXCLUDE,High,Title indicates secondary literature review/survey ('survey').,['USV/AUV'],['Underground'],"['Radio/UWB', 'Sonar/DVL']",[],True,False,resp_00605.json
633,Survey on Algorithms and Techniques for Indoor Navigation Systems,E. J. Alqahtani; F. H. Alshamrani; H. F. Syed; F. A. Alhaidari,2018,2018 21st Saudi Computer Society National Computer Conference (NCC),IEEE_Xplore,10.1109/NCG.2018.8593096,EXCLUDE,High,Title indicates secondary literature review/survey ('survey').,['General Robotics'],['Indoor'],"['Camera', 'Radio/UWB']",['VIO'],True,False,resp_00633.json
735,Exploring Autonomous Load-Carrying Mobile Robots in Indoor Settings: A Comprehensive Review,P. Yee Leong; N. S. Ahmad,2024,IEEE Access,IEEE_Xplore,10.1109/ACCESS.2024.3435689,EXCLUDE,High,Title indicates secondary literature review/survey ('comprehensive review').,['UGV'],"['Indoor', 'Underground']",[],[],True,False,resp_00735.json
739,A Comprehensive Review of Indoor Localization Techniques for Autonomous Robots,T. -A. Dicu; G. -C. Pătru; D. -M. Velciu; M. Ţurcanu,2025,2025 24th RoEduNet Conference: Networking in Education and Research (RoEduNet),IEEE_Xplore,10.1109/RoEduNet68395.2025.11208420,EXCLUDE,High,Title indicates secondary literature review/survey ('comprehensive review').,['General Robotics'],"['Indoor', 'Underground']","['Camera', 'IMU', 'Radio/UWB']",['Kalman Filtering'],True,False,resp_00739.json
772,A Survey on Multi-robot Particle Filter SLAM,R. U. Gupta; J. M. Conrad,2019,2019 SoutheastCon,IEEE_Xplore,10.1109/SoutheastCon42311.2019.9020415,EXCLUDE,High,Title indicates secondary literature review/survey ('survey').,['General Robotics'],['Unspecified'],"['IMU', 'Radio/UWB']",['SLAM'],True,False,resp_00772.json
826,Aperture-Coupled Patch Antennas for UWB Indoor Localization Systems in the 4 and 6 GHz Bands,S. Marti; H. Diethelm; H. Mathis; H. -D. Lang,2022,2022 IEEE International Symposium on Antennas and Propagation and USNC-URSI Radio Science Meeting (AP-S/URSI),IEEE_Xplore,10.1109/AP-S/USNC-URSI47032.2022.9887092,EXCLUDE,High,Focuses on pure RF hardware/antenna design rather than navigation algorithms.,['UAV'],['Indoor'],['Radio/UWB'],['Radio Ranging'],True,False,resp_00826.json
875,A Proposed Framework for UAS Positioning in GPS-Denied and GPS-Spoofed Environments,J. L. Burbank; L. Foust; T. Greene; N. Kaabouch,2024,"2024 Integrated Communications, Navigation and Surveillance Conference (ICNS)",IEEE_Xplore,10.1109/ICNS60906.2024.10550601,EXCLUDE,High,Focuses on orbital mechanics/spacecraft constellations rather than terrestrial/aerial navigation.,['General Robotics'],"['Indoor', 'Urban', 'Adversarial']",['Radio/UWB'],[],True,False,resp_00875.json
1006,A comprehensive survey on autonomous UAV navigation and control systems,Izakshiri A.; Tajrishi N.J.; Madinei H.S.; Azad P.A.; Ahmadi S.,2026,International Journal of Dynamics and Control,Scopus,10.1007/s40435-026-02068-3,EXCLUDE,High,Title indicates secondary literature review/survey ('survey').,['UAV'],['Urban'],[],['Factor Graph Optimization'],True,False,resp_01006.json
1025,A Survey on Radio Frequency based Precise Localisation Technology for UAV in GPS-denied Environment,Yang B.; Yang E.,2021,Journal of Intelligent and Robotic Systems: Theory and Applications,Scopus,10.1007/s10846-021-01500-4,EXCLUDE,High,Title indicates secondary literature review/survey ('survey').,['UAV'],['Unspecified'],['Radio/UWB'],['Radio Ranging'],True,False,resp_01025.json
1030,Towards an UAV Visual Navigation System Based on Map Processing and Spatial Matching Techniques: A Literature Review,Ramanauskas E.; Jodłowiec M.; Krótkiewicz M.,2025,Lecture Notes in Computer Science,Scopus,10.1007/978-981-96-6005-6_10,EXCLUDE,High,Title indicates secondary literature review/survey ('literature review').,['UAV'],['Unspecified'],['Camera'],[],True,False,resp_01030.json
1077,A Comprehensive Survey on Short-Distance Localization of UAVs,Kramarić L.; Jelušić N.; Radišić T.; Muštra M.,2025,Drones,Scopus,10.3390/drones9030188,EXCLUDE,High,Title indicates secondary literature review/survey ('survey').,['UAV'],['Indoor'],"['Camera', 'IMU', 'Radio/UWB']",['Radio Ranging'],True,False,resp_01077.json
1247,Automated Geolocation in Urban Environments Using a Simple Camera-Equipped Unmanned Aerial Vehicle: A Rapid Mapping Surveying Alternative?,Trigkakis D.; Petrakis G.; Tripolitsiotis A.; Partsinevelos P.,2020,ISPRS International Journal of Geo-Information,Scopus,10.3390/ijgi9070425,EXCLUDE,High,Title indicates secondary literature review/survey ('survey').,['UAV'],"['Underground', 'Urban', 'Adversarial']","['Camera', 'IMU', 'LiDAR', 'Radio/UWB']","['SLAM', 'Factor Graph Optimization']",True,False,resp_01247.json
1280,GPS-Denied LiDAR-Based SLAM—A Survey,Jiang H.; Cheng Y.; Dai W.; Wan W.; Liu Q.; Wang F.,2025,IET Cyber-systems and Robotics,Scopus,10.1049/csy2.70031,EXCLUDE,High,Title indicates secondary literature review/survey ('survey').,['General Robotics'],"['Indoor', 'Underground']","['Camera', 'IMU', 'LiDAR', 'Radio/UWB']",['SLAM'],True,False,resp_01280.json
1371,From GPS to AI: A comprehensive review of Unmanned Aerial Vehicle (UAV) localization solutions,Lateef F.; Kas M.; Ruichek Y.,2025,ISPRS Journal of Photogrammetry and Remote Sensing,Scopus,10.1016/j.isprsjprs.2025.09.014,EXCLUDE,High,Title indicates secondary literature review/survey ('comprehensive review').,['UAV'],['Underground'],"['IMU', 'LiDAR', 'Radio/UWB', 'Sonar/DVL']",['Deep Learning'],True,False,resp_01371.json
1407,A Survey of Robot Swarms’ Relative Localization Method,Chen S.; Yin D.; Niu Y.,2022,Sensors,Scopus,10.3390/s22124424,EXCLUDE,High,Title indicates secondary literature review/survey ('survey').,['General Robotics'],"['Indoor', 'Forest/Outdoor']",['Radio/UWB'],['Radio Ranging'],True,False,resp_01407.json
1457,A Survey on Relative Navigation Used in UAV Teaming,Chen X.; Li J.; Che S.; Li Q.,2025,Lecture Notes in Electrical Engineering,Scopus,10.1007/978-981-96-2204-7_12,EXCLUDE,High,Title indicates secondary literature review/survey ('survey').,['UAV'],['Unspecified'],"['IMU', 'Radio/UWB']",['Radio Ranging'],True,False,resp_01457.json
1560,"Survey of unmanned subterranean exploration, navigation, and localisation",Martz J.; Al-Sabban W.; Smith R.N.,2020,IET Cyber-systems and Robotics,Scopus,10.1049/iet-csr.2019.0043,EXCLUDE,High,Title indicates secondary literature review/survey ('survey').,['General Robotics'],"['Underground', 'Urban']",['Radio/UWB'],[],True,False,resp_01560.json
1590,Beyond the Last Mile: A Systematic Review Exploring Indoor Delivery-UAV Requirements in the Last-Meter Context,Li Y.; Ng S.T.; Ling M.; Pan Q.,2026,Sustainability (Switzerland),Scopus,10.3390/su18136728,EXCLUDE,High,Title indicates secondary literature review/survey ('systematic review').,['UAV'],"['Indoor', 'Urban', 'Forest/Outdoor']",['Radio/UWB'],[],True,False,resp_01590.json
1600,A survey of sensors based autonomous unmanned aerial vehicle (UAV) localization techniques,Liu H.; Long Q.; Yi B.; Jiang W.,2025,Complex and Intelligent Systems,Scopus,10.1007/s40747-025-01961-2,EXCLUDE,High,Title indicates secondary literature review/survey ('survey').,['UAV'],['Unspecified'],[],"['Deep Learning', 'Factor Graph Optimization']",True,False,resp_01600.json
1661,A Comprehensive Review of Deep Learning -Aided Localization Techniques for Autonomous UAV Landing,Mohamed Sameer T.K.; Susitra D.,2025,"2025 International Conference on Emerging Trends in Signal Processing and Computational Intelligence, ICCSPCI 2025",Scopus,10.1109/ICCSPCI68199.2025.11451182,EXCLUDE,High,Title indicates secondary literature review/survey ('comprehensive review').,['UAV'],['Unspecified'],"['Camera', 'IMU', 'Radio/UWB']","['Kalman Filtering', 'Deep Learning', 'Factor Graph Optimization']",True,False,resp_01661.json
