paper_id,decision,rule_triggered,confidence,needs_human
REC_0002,EXCLUDE,E1..E4,1.0,NO
REC_0005,BORDERLINE_EXCLUDE,E1..E4,0.7,NO
REC_0007,EXCLUDE,E1..E4,1.0,NO
REC_0009,EXCLUDE,E1..E4,1.0,NO
REC_0011,EXCLUDE,E1..E4,1.0,NO
REC_0012,EXCLUDE,E1..E4,1.0,NO
REC_0014,EXCLUDE,E1..E4,1.0,NO
REC_0015,EXCLUDE,E1..E4,1.0,NO
REC_0016,EXCLUDE,E1..E4,1.0,NO
REC_0018,EXCLUDE,E1..E4,1.0,NO
REC_0019,EXCLUDE,E1..E4,1.0,NO
REC_0020,EXCLUDE,E1..E4,1.0,NO
REC_0021,EXCLUDE,E1..E4,1.0,NO
REC_0024,EXCLUDE,E1..E4,1.0,NO
REC_0026,EXCLUDE,E1..E4,1.0,NO
REC_0027,EXCLUDE,E1..E4,1.0,NO
REC_0029,EXCLUDE,E1..E4,1.0,NO
REC_0030,EXCLUDE,E1..E4,1.0,NO
REC_0034,EXCLUDE,E1..E4,1.0,NO
REC_0036,EXCLUDE,E1..E4,1.0,NO
REC_0038,EXCLUDE,E1..E4,1.0,NO
REC_0040,EXCLUDE,E1..E4,1.0,NO
REC_0044,EXCLUDE,E1..E4,1.0,NO
REC_0045,BORDERLINE_EXCLUDE,E1..E4,0.7,NO
REC_0046,EXCLUDE,E1..E4,1.0,NO
REC_0047,EXCLUDE,E1..E4,1.0,NO
REC_0048,EXCLUDE,E1..E4,1.0,NO
REC_0049,EXCLUDE,E1..E4,1.0,NO
REC_0054,EXCLUDE,E1..E4,1.0,NO
REC_0055,EXCLUDE,E1..E4,1.0,NO
REC_0056,EXCLUDE,E1..E4,1.0,NO
REC_0059,EXCLUDE,E1..E4,1.0,NO
REC_0060,EXCLUDE,E1..E4,1.0,NO
REC_0061,BORDERLINE_EXCLUDE,E1..E4,0.7,NO
REC_0062,EXCLUDE,E1..E4,1.0,NO
REC_0063,EXCLUDE,E1..E4,1.0,NO
REC_0067,EXCLUDE,E1..E4,1.0,NO
REC_0070,EXCLUDE,E1..E4,1.0,NO
REC_0072,EXCLUDE,E1..E4,1.0,NO
REC_0073,EXCLUDE,E1..E4,1.0,NO
REC_0074,EXCLUDE,E1..E4,1.0,NO
REC_0075,EXCLUDE,E1..E4,1.0,NO
REC_0076,EXCLUDE,E1..E4,1.0,NO
REC_0078,EXCLUDE,E1..E4,1.0,NO
REC_0079,EXCLUDE,E1..E4,1.0,NO
REC_0081,EXCLUDE,E1..E4,1.0,NO
REC_0085,EXCLUDE,E1..E4,1.0,NO
REC_0086,EXCLUDE,E1..E4,1.0,NO
REC_0087,EXCLUDE,E1..E4,1.0,NO
REC_0090,EXCLUDE,E1..E4,1.0,NO
REC_0091,EXCLUDE,E1..E4,1.0,NO
REC_0092,EXCLUDE,E1..E4,1.0,NO
REC_0094,EXCLUDE,E1..E4,1.0,NO
REC_0097,EXCLUDE,E1..E4,1.0,NO
REC_0098,EXCLUDE,E1..E4,1.0,NO
REC_0099,EXCLUDE,E1..E4,1.0,NO
REC_0100,EXCLUDE,E1..E4,1.0,NO
REC_0101,EXCLUDE,E1..E4,1.0,NO
REC_0103,EXCLUDE,E1..E4,1.0,NO
REC_0104,EXCLUDE,E1..E4,1.0,NO
REC_0105,EXCLUDE,E1..E4,1.0,NO
REC_0108,EXCLUDE,E1..E4,1.0,NO
REC_0109,EXCLUDE,E1..E4,1.0,NO
REC_0110,EXCLUDE,E1..E4,1.0,NO
REC_0112,EXCLUDE,E1..E4,1.0,NO
REC_0113,EXCLUDE,E1..E4,1.0,NO
REC_0116,EXCLUDE,E1..E4,1.0,NO
REC_0117,EXCLUDE,E1..E4,1.0,NO
REC_0119,EXCLUDE,E1..E4,1.0,NO
REC_0120,EXCLUDE,E1..E4,1.0,NO
REC_0121,EXCLUDE,E1..E4,1.0,NO
REC_0122,EXCLUDE,E1..E4,1.0,NO
REC_0124,EXCLUDE,E1..E4,1.0,NO
REC_0125,EXCLUDE,E1..E4,1.0,NO
REC_0126,EXCLUDE,E1..E4,1.0,NO
REC_0127,EXCLUDE,E1..E4,1.0,NO
REC_0128,EXCLUDE,E1..E4,1.0,NO
REC_0130,EXCLUDE,E1..E4,1.0,NO
REC_0132,BORDERLINE_EXCLUDE,E1..E4,0.5,YES
REC_0133,EXCLUDE,E1..E4,1.0,NO
REC_0134,EXCLUDE,E1..E4,1.0,NO
REC_0135,EXCLUDE,E1..E4,1.0,NO
REC_0139,EXCLUDE,E1..E4,1.0,NO
REC_0140,EXCLUDE,E1..E4,1.0,NO
REC_0141,EXCLUDE,E1..E4,1.0,NO
REC_0142,EXCLUDE,E1..E4,1.0,NO
REC_0143,EXCLUDE,E1..E4,1.0,NO
REC_0145,EXCLUDE,E1..E4,1.0,NO
REC_0146,EXCLUDE,E1..E4,1.0,NO
REC_0147,EXCLUDE,E1..E4,1.0,NO
REC_0148,EXCLUDE,E1..E4,1.0,NO
REC_0150,EXCLUDE,E1..E4,1.0,NO
REC_0151,EXCLUDE,E1..E4,1.0,NO
REC_0152,EXCLUDE,E1..E4,1.0,NO
REC_0153,EXCLUDE,E1..E4,1.0,NO
REC_0154,BORDERLINE_EXCLUDE,E1..E4,0.7,NO
REC_0156,EXCLUDE,E1..E4,1.0,NO
REC_0157,EXCLUDE,E1..E4,1.0,NO
REC_0158,EXCLUDE,E1..E4,1.0,NO
REC_0159,EXCLUDE,E1..E4,1.0,NO
REC_0160,EXCLUDE,E1..E4,1.0,NO
REC_0162,EXCLUDE,E1..E4,1.0,NO
REC_0163,EXCLUDE,E1..E4,1.0,NO
REC_0164,EXCLUDE,E1..E4,1.0,NO
REC_0166,EXCLUDE,E1..E4,1.0,NO
REC_0167,EXCLUDE,E1..E4,1.0,NO
REC_0168,EXCLUDE,E1..E4,1.0,NO
REC_0169,BORDERLINE_EXCLUDE,E1..E4,0.5,YES
REC_0170,EXCLUDE,E1..E4,1.0,NO
REC_0171,EXCLUDE,E1..E4,1.0,NO
REC_0172,EXCLUDE,E1..E4,1.0,NO
REC_0173,EXCLUDE,E1..E4,1.0,NO
REC_0174,EXCLUDE,E1..E4,1.0,NO
REC_0175,EXCLUDE,E1..E4,1.0,NO
REC_0176,EXCLUDE,E1..E4,1.0,NO
REC_0177,EXCLUDE,E1..E4,1.0,NO
REC_0178,EXCLUDE,E1..E4,1.0,NO
REC_0180,EXCLUDE,E1..E4,1.0,NO
REC_0181,EXCLUDE,E1..E4,1.0,NO
REC_0182,EXCLUDE,E1..E4,1.0,NO
REC_0183,EXCLUDE,E1..E4,1.0,NO
REC_0184,EXCLUDE,E1..E4,1.0,NO
REC_0185,EXCLUDE,E1..E4,1.0,NO
REC_0186,EXCLUDE,E1..E4,1.0,NO
REC_0187,EXCLUDE,E1..E4,1.0,NO
REC_0188,EXCLUDE,E1..E4,1.0,NO
REC_0189,EXCLUDE,E1..E4,1.0,NO
REC_0190,EXCLUDE,E1..E4,1.0,NO
REC_0191,EXCLUDE,E1..E4,1.0,NO
REC_0192,EXCLUDE,E1..E4,1.0,NO
REC_0193,EXCLUDE,E1..E4,1.0,NO
REC_0194,EXCLUDE,E1..E4,1.0,NO
REC_0197,EXCLUDE,E1..E4,1.0,NO
REC_0199,EXCLUDE,E1..E4,1.0,NO
REC_0200,EXCLUDE,E1..E4,1.0,NO
REC_0201,EXCLUDE,E1..E4,1.0,NO
REC_0203,EXCLUDE,E1..E4,1.0,NO
REC_0204,EXCLUDE,E1..E4,1.0,NO
REC_0205,EXCLUDE,E1..E4,1.0,NO
REC_0206,EXCLUDE,E1..E4,1.0,NO
REC_0207,EXCLUDE,E1..E4,1.0,NO
REC_0209,EXCLUDE,E1..E4,1.0,NO
REC_0210,EXCLUDE,E1..E4,1.0,NO
REC_0212,EXCLUDE,E1..E4,1.0,NO
REC_0214,EXCLUDE,E1..E4,1.0,NO
REC_0216,EXCLUDE,E1..E4,1.0,NO
REC_0217,EXCLUDE,E1..E4,1.0,NO
REC_0219,EXCLUDE,E1..E4,1.0,NO
REC_0220,EXCLUDE,E1..E4,1.0,NO
REC_0221,EXCLUDE,E1..E4,1.0,NO
REC_0222,EXCLUDE,E1..E4,1.0,NO
REC_0223,EXCLUDE,E1..E4,1.0,NO
REC_0225,EXCLUDE,E1..E4,1.0,NO
REC_0226,EXCLUDE,E1..E4,1.0,NO
REC_0227,EXCLUDE,E1..E4,1.0,NO
REC_0229,EXCLUDE,E1..E4,1.0,NO
REC_0230,EXCLUDE,E1..E4,1.0,NO
REC_0231,EXCLUDE,E1..E4,1.0,NO
REC_0232,EXCLUDE,E1..E4,1.0,NO
REC_0233,EXCLUDE,E1..E4,1.0,NO
REC_0234,EXCLUDE,E1..E4,1.0,NO
REC_0235,EXCLUDE,E1..E4,1.0,NO
REC_0236,EXCLUDE,E1..E4,1.0,NO
REC_0238,EXCLUDE,E1..E4,1.0,NO
REC_0240,EXCLUDE,E1..E4,1.0,NO
REC_0241,EXCLUDE,E1..E4,1.0,NO
REC_0243,EXCLUDE,E1..E4,1.0,NO
REC_0245,EXCLUDE,E1..E4,1.0,NO
REC_0247,EXCLUDE,E1..E4,1.0,NO
REC_0248,BORDERLINE_EXCLUDE,E1..E4,0.5,YES
REC_0249,EXCLUDE,E1..E4,1.0,NO
REC_0250,EXCLUDE,E1..E4,1.0,NO
REC_0251,EXCLUDE,E1..E4,1.0,NO
REC_0253,EXCLUDE,E1..E4,1.0,NO
REC_0254,EXCLUDE,E1..E4,1.0,NO
REC_0256,EXCLUDE,E1..E4,1.0,NO
REC_0257,BORDERLINE_EXCLUDE,E1..E4,0.5,YES
REC_0258,EXCLUDE,E1..E4,1.0,NO
REC_0259,EXCLUDE,E1..E4,1.0,NO
REC_0260,EXCLUDE,E1..E4,1.0,NO
REC_0261,EXCLUDE,E1..E4,1.0,NO
REC_0263,EXCLUDE,E1..E4,1.0,NO
REC_0265,EXCLUDE,E1..E4,1.0,NO
REC_0266,EXCLUDE,E1..E4,1.0,NO
REC_0267,BORDERLINE_EXCLUDE,E1..E4,0.5,YES
REC_0268,EXCLUDE,E1..E4,1.0,NO
REC_0269,EXCLUDE,E1..E4,1.0,NO
REC_0270,EXCLUDE,E1..E4,1.0,NO
REC_0272,EXCLUDE,E1..E4,1.0,NO
REC_0273,EXCLUDE,E1..E4,1.0,NO
REC_0275,EXCLUDE,E1..E4,1.0,NO
REC_0276,EXCLUDE,E1..E4,1.0,NO
REC_0280,EXCLUDE,E1..E4,1.0,NO
REC_0282,EXCLUDE,E1..E4,1.0,NO
REC_0283,EXCLUDE,E1..E4,1.0,NO
REC_0284,EXCLUDE,E1..E4,1.0,NO
REC_0287,EXCLUDE,E1..E4,1.0,NO
REC_0288,EXCLUDE,E1..E4,1.0,NO
REC_0290,EXCLUDE,E1..E4,1.0,NO
REC_0292,EXCLUDE,E1..E4,1.0,NO
REC_0295,EXCLUDE,E1..E4,1.0,NO
REC_0297,BORDERLINE_EXCLUDE,E1..E4,0.5,YES
REC_0298,EXCLUDE,E1..E4,1.0,NO
REC_0300,EXCLUDE,E1..E4,1.0,NO
REC_0301,EXCLUDE,E1..E4,1.0,NO
REC_0302,EXCLUDE,E1..E4,1.0,NO
REC_0303,EXCLUDE,E1..E4,1.0,NO
REC_0304,EXCLUDE,E1..E4,1.0,NO
REC_0306,EXCLUDE,E1..E4,1.0,NO
REC_0307,EXCLUDE,E1..E4,1.0,NO
REC_0308,EXCLUDE,E1..E4,1.0,NO
REC_0309,EXCLUDE,E1..E4,1.0,NO
REC_0310,BORDERLINE_EXCLUDE,E1..E4,0.5,YES
REC_0311,EXCLUDE,E1..E4,1.0,NO
REC_0312,EXCLUDE,E1..E4,1.0,NO
REC_0313,EXCLUDE,E1..E4,1.0,NO
REC_0314,EXCLUDE,E1..E4,1.0,NO
REC_0315,EXCLUDE,E1..E4,1.0,NO
REC_0316,EXCLUDE,E1..E4,1.0,NO
REC_0317,EXCLUDE,E1..E4,1.0,NO
REC_0319,EXCLUDE,E1..E4,1.0,NO
REC_0321,EXCLUDE,E1..E4,1.0,NO
REC_0322,EXCLUDE,E1..E4,1.0,NO
REC_0324,EXCLUDE,E1..E4,1.0,NO
REC_0325,EXCLUDE,E1..E4,1.0,NO
REC_0326,EXCLUDE,E1..E4,1.0,NO
REC_0327,EXCLUDE,E1..E4,1.0,NO
REC_0328,EXCLUDE,E1..E4,1.0,NO
REC_0329,EXCLUDE,E1..E4,1.0,NO
REC_0330,BORDERLINE_EXCLUDE,E1..E4,0.5,YES
REC_0331,EXCLUDE,E1..E4,1.0,NO
REC_0333,EXCLUDE,E1..E4,1.0,NO
REC_0335,EXCLUDE,E1..E4,1.0,NO
REC_0336,EXCLUDE,E1..E4,1.0,NO
REC_0337,EXCLUDE,E1..E4,1.0,NO
REC_0338,EXCLUDE,E1..E4,1.0,NO
REC_0339,EXCLUDE,E1..E4,1.0,NO
REC_0340,EXCLUDE,E1..E4,1.0,NO
REC_0342,EXCLUDE,E1..E4,1.0,NO
REC_0344,EXCLUDE,E1..E4,1.0,NO
REC_0348,EXCLUDE,E1..E4,1.0,NO
REC_0349,EXCLUDE,E1..E4,1.0,NO
REC_0350,EXCLUDE,E1..E4,1.0,NO
REC_0351,EXCLUDE,E1..E4,1.0,NO
REC_0352,EXCLUDE,E1..E4,1.0,NO
REC_0353,EXCLUDE,E1..E4,1.0,NO
REC_0354,EXCLUDE,E1..E4,1.0,NO
REC_0356,EXCLUDE,E1..E4,1.0,NO
REC_0357,EXCLUDE,E1..E4,1.0,NO
REC_0358,BORDERLINE_EXCLUDE,E1..E4,0.5,YES
REC_0359,EXCLUDE,E1..E4,1.0,NO
REC_0360,EXCLUDE,E1..E4,1.0,NO
REC_0361,EXCLUDE,E1..E4,1.0,NO
REC_0364,EXCLUDE,E1..E4,1.0,NO
REC_0365,EXCLUDE,E1..E4,1.0,NO
REC_0366,EXCLUDE,E1..E4,1.0,NO
REC_0367,EXCLUDE,E1..E4,1.0,NO
REC_0368,EXCLUDE,E1..E4,1.0,NO
REC_0370,EXCLUDE,E1..E4,1.0,NO
REC_0371,EXCLUDE,E1..E4,1.0,NO
REC_0373,EXCLUDE,E1..E4,1.0,NO
REC_0374,EXCLUDE,E1..E4,1.0,NO
REC_0375,EXCLUDE,E1..E4,1.0,NO
REC_0376,EXCLUDE,E1..E4,1.0,NO
REC_0377,EXCLUDE,E1..E4,1.0,NO
REC_0378,EXCLUDE,E1..E4,1.0,NO
REC_0379,EXCLUDE,E1..E4,1.0,NO
REC_0380,EXCLUDE,E1..E4,1.0,NO
REC_0381,EXCLUDE,E1..E4,1.0,NO
REC_0382,EXCLUDE,E1..E4,1.0,NO
REC_0383,EXCLUDE,E1..E4,1.0,NO
REC_0384,EXCLUDE,E1..E4,1.0,NO
REC_0385,EXCLUDE,E1..E4,1.0,NO
REC_0386,EXCLUDE,E1..E4,1.0,NO
REC_0387,EXCLUDE,E1..E4,1.0,NO
REC_0389,BORDERLINE_EXCLUDE,E1..E4,0.5,YES
REC_0390,EXCLUDE,E1..E4,1.0,NO
REC_0392,EXCLUDE,E1..E4,1.0,NO
REC_0393,EXCLUDE,E1..E4,1.0,NO
REC_0394,EXCLUDE,E1..E4,1.0,NO
REC_0395,EXCLUDE,E1..E4,1.0,NO
REC_0396,BORDERLINE_EXCLUDE,E1..E4,0.5,YES
REC_0397,EXCLUDE,E1..E4,1.0,NO
REC_0398,EXCLUDE,E1..E4,1.0,NO
REC_0399,EXCLUDE,E1..E4,1.0,NO
REC_0400,EXCLUDE,E1..E4,1.0,NO
REC_0401,EXCLUDE,E1..E4,1.0,NO
REC_0402,EXCLUDE,E1..E4,1.0,NO
REC_0403,EXCLUDE,E1..E4,1.0,NO
REC_0404,EXCLUDE,E1..E4,1.0,NO
REC_0405,EXCLUDE,E1..E4,1.0,NO
REC_0406,EXCLUDE,E1..E4,1.0,NO
REC_0407,EXCLUDE,E1..E4,1.0,NO
REC_0408,EXCLUDE,E1..E4,1.0,NO
REC_0410,EXCLUDE,E1..E4,1.0,NO
REC_0411,EXCLUDE,E1..E4,1.0,NO
REC_0413,EXCLUDE,E1..E4,1.0,NO
REC_0414,EXCLUDE,E1..E4,1.0,NO
REC_0415,EXCLUDE,E1..E4,1.0,NO
REC_0416,EXCLUDE,E1..E4,1.0,NO
REC_0417,EXCLUDE,E1..E4,1.0,NO
REC_0418,EXCLUDE,E1..E4,1.0,NO
REC_0419,EXCLUDE,E1..E4,1.0,NO
REC_0420,EXCLUDE,E1..E4,1.0,NO
REC_0421,EXCLUDE,E1..E4,1.0,NO
REC_0422,EXCLUDE,E1..E4,1.0,NO
REC_0423,EXCLUDE,E1..E4,1.0,NO
REC_0424,EXCLUDE,E1..E4,1.0,NO
REC_0427,EXCLUDE,E1..E4,1.0,NO
REC_0428,EXCLUDE,E1..E4,1.0,NO
REC_0429,EXCLUDE,E1..E4,1.0,NO
REC_0431,EXCLUDE,E1..E4,1.0,NO
REC_0432,EXCLUDE,E1..E4,1.0,NO
REC_0433,EXCLUDE,E1..E4,1.0,NO
REC_0434,EXCLUDE,E1..E4,1.0,NO
REC_0435,EXCLUDE,E1..E4,1.0,NO
REC_0436,EXCLUDE,E1..E4,1.0,NO
REC_0437,EXCLUDE,E1..E4,1.0,NO
REC_0439,EXCLUDE,E1..E4,1.0,NO
REC_0440,BORDERLINE_EXCLUDE,E1..E4,0.5,YES
REC_0441,EXCLUDE,E1..E4,1.0,NO
REC_0442,EXCLUDE,E1..E4,1.0,NO
REC_0443,EXCLUDE,E1..E4,1.0,NO
REC_0445,EXCLUDE,E1..E4,1.0,NO
REC_0446,EXCLUDE,E1..E4,1.0,NO
REC_0447,EXCLUDE,E1..E4,1.0,NO
REC_0448,EXCLUDE,E1..E4,1.0,NO
REC_0449,EXCLUDE,E1..E4,1.0,NO
REC_0451,EXCLUDE,E1..E4,1.0,NO
REC_0452,EXCLUDE,E1..E4,1.0,NO
REC_0454,EXCLUDE,E1..E4,1.0,NO
REC_0457,EXCLUDE,E1..E4,1.0,NO
REC_0458,BORDERLINE_EXCLUDE,E1..E4,0.7,NO
REC_0460,EXCLUDE,E1..E4,1.0,NO
REC_0462,EXCLUDE,E1..E4,1.0,NO
REC_0463,EXCLUDE,E1..E4,1.0,NO
REC_0465,EXCLUDE,E1..E4,1.0,NO
REC_0466,EXCLUDE,E1..E4,1.0,NO
REC_0467,EXCLUDE,E1..E4,1.0,NO
REC_0468,EXCLUDE,E1..E4,1.0,NO
REC_0470,EXCLUDE,E1..E4,1.0,NO
REC_0471,EXCLUDE,E1..E4,1.0,NO
REC_0472,EXCLUDE,E1..E4,1.0,NO
REC_0473,EXCLUDE,E1..E4,1.0,NO
REC_0474,EXCLUDE,E1..E4,1.0,NO
REC_0476,EXCLUDE,E1..E4,1.0,NO
REC_0477,EXCLUDE,E1..E4,1.0,NO
REC_0478,EXCLUDE,E1..E4,1.0,NO
REC_0479,EXCLUDE,E1..E4,1.0,NO
REC_0480,EXCLUDE,E1..E4,1.0,NO
REC_0482,EXCLUDE,E1..E4,1.0,NO
REC_0484,EXCLUDE,E1..E4,1.0,NO
REC_0486,EXCLUDE,E1..E4,1.0,NO
REC_0487,EXCLUDE,E1..E4,1.0,NO
REC_0490,EXCLUDE,E1..E4,1.0,NO
REC_0491,EXCLUDE,E1..E4,1.0,NO
REC_0492,EXCLUDE,E1..E4,1.0,NO
REC_0495,EXCLUDE,E1..E4,1.0,NO
REC_0496,EXCLUDE,E1..E4,1.0,NO
REC_0497,EXCLUDE,E1..E4,1.0,NO
REC_0498,EXCLUDE,E1..E4,1.0,NO
REC_0499,EXCLUDE,E1..E4,1.0,NO
REC_0500,EXCLUDE,E1..E4,1.0,NO
REC_0501,EXCLUDE,E1..E4,1.0,NO
REC_0504,EXCLUDE,E1..E4,1.0,NO
REC_0505,EXCLUDE,E1..E4,1.0,NO
REC_0506,EXCLUDE,E1..E4,1.0,NO
REC_0507,BORDERLINE_EXCLUDE,E1..E4,0.5,YES
REC_0508,EXCLUDE,E1..E4,1.0,NO
REC_0509,EXCLUDE,E1..E4,1.0,NO
REC_0510,EXCLUDE,E1..E4,1.0,NO
REC_0511,EXCLUDE,E1..E4,1.0,NO
REC_0512,EXCLUDE,E1..E4,1.0,NO
REC_0513,EXCLUDE,E1..E4,1.0,NO
REC_0514,BORDERLINE_EXCLUDE,E1..E4,0.7,NO
REC_0515,EXCLUDE,E1..E4,1.0,NO
REC_0516,EXCLUDE,E1..E4,1.0,NO
REC_0517,EXCLUDE,E1..E4,1.0,NO
REC_0518,EXCLUDE,E1..E4,1.0,NO
REC_0519,EXCLUDE,E1..E4,1.0,NO
REC_0520,EXCLUDE,E1..E4,1.0,NO
REC_0521,EXCLUDE,E1..E4,1.0,NO
REC_0522,EXCLUDE,E1..E4,1.0,NO
REC_0523,EXCLUDE,E1..E4,1.0,NO
REC_0524,EXCLUDE,E1..E4,1.0,NO
REC_0525,EXCLUDE,E1..E4,1.0,NO
REC_0528,EXCLUDE,E1..E4,1.0,NO
REC_0531,EXCLUDE,E1..E4,1.0,NO
REC_0532,EXCLUDE,E1..E4,1.0,NO
REC_0533,EXCLUDE,E1..E4,1.0,NO
REC_0535,EXCLUDE,E1..E4,1.0,NO
REC_0536,EXCLUDE,E1..E4,1.0,NO
REC_0538,EXCLUDE,E1..E4,1.0,NO
REC_0539,EXCLUDE,E1..E4,1.0,NO
REC_0540,EXCLUDE,E1..E4,1.0,NO
REC_0541,EXCLUDE,E1..E4,1.0,NO
REC_0542,EXCLUDE,E1..E4,1.0,NO
REC_0543,EXCLUDE,E1..E4,1.0,NO
REC_0545,EXCLUDE,E1..E4,1.0,NO
REC_0546,EXCLUDE,E1..E4,1.0,NO
REC_0547,BORDERLINE_EXCLUDE,E1..E4,0.5,YES
REC_0548,EXCLUDE,E1..E4,1.0,NO
REC_0549,EXCLUDE,E1..E4,1.0,NO
REC_0550,EXCLUDE,E1..E4,1.0,NO
REC_0551,EXCLUDE,E1..E4,1.0,NO
REC_0552,EXCLUDE,E1..E4,1.0,NO
REC_0553,EXCLUDE,E1..E4,1.0,NO
REC_0554,EXCLUDE,E1..E4,1.0,NO
REC_0555,EXCLUDE,E1..E4,1.0,NO
REC_0556,EXCLUDE,E1..E4,1.0,NO
REC_0557,EXCLUDE,E1..E4,1.0,NO
REC_0558,EXCLUDE,E1..E4,1.0,NO
REC_0559,EXCLUDE,E1..E4,1.0,NO
REC_0560,EXCLUDE,E1..E4,1.0,NO
REC_0561,EXCLUDE,E1..E4,1.0,NO
REC_0562,EXCLUDE,E1..E4,1.0,NO
REC_0563,EXCLUDE,E1..E4,1.0,NO
REC_0564,EXCLUDE,E1..E4,1.0,NO
REC_0565,EXCLUDE,E1..E4,1.0,NO
REC_0566,EXCLUDE,E1..E4,1.0,NO
REC_0567,EXCLUDE,E1..E4,1.0,NO
REC_0568,EXCLUDE,E1..E4,1.0,NO
REC_0570,EXCLUDE,E1..E4,1.0,NO
REC_0571,EXCLUDE,E1..E4,1.0,NO
REC_0573,EXCLUDE,E1..E4,1.0,NO
REC_0574,EXCLUDE,E1..E4,1.0,NO
REC_0575,EXCLUDE,E1..E4,1.0,NO
REC_0576,EXCLUDE,E1..E4,1.0,NO
REC_0577,EXCLUDE,E1..E4,1.0,NO
REC_0578,EXCLUDE,E1..E4,1.0,NO
REC_0580,EXCLUDE,E1..E4,1.0,NO
REC_0581,EXCLUDE,E1..E4,1.0,NO
REC_0582,EXCLUDE,E1..E4,1.0,NO
REC_0583,EXCLUDE,E1..E4,1.0,NO
REC_0584,EXCLUDE,E1..E4,1.0,NO
REC_0585,EXCLUDE,E1..E4,1.0,NO
REC_0586,EXCLUDE,E1..E4,1.0,NO
REC_0587,EXCLUDE,E1..E4,1.0,NO
REC_0588,EXCLUDE,E1..E4,1.0,NO
REC_0589,EXCLUDE,E1..E4,1.0,NO
REC_0590,EXCLUDE,E1..E4,1.0,NO
REC_0591,EXCLUDE,E1..E4,1.0,NO
REC_0592,EXCLUDE,E1..E4,1.0,NO
REC_0593,EXCLUDE,E1..E4,1.0,NO
REC_0596,EXCLUDE,E1..E4,1.0,NO
REC_0597,EXCLUDE,E1..E4,1.0,NO
REC_0599,EXCLUDE,E1..E4,1.0,NO
REC_0600,EXCLUDE,E1..E4,1.0,NO
REC_0602,EXCLUDE,E1..E4,1.0,NO
REC_0603,EXCLUDE,E1..E4,1.0,NO
REC_0604,EXCLUDE,E1..E4,1.0,NO
REC_0605,EXCLUDE,E1..E4,1.0,NO
REC_0606,EXCLUDE,E1..E4,1.0,NO
REC_0607,EXCLUDE,E1..E4,1.0,NO
REC_0608,BORDERLINE_EXCLUDE,E1..E4,0.7,NO
REC_0609,EXCLUDE,E1..E4,1.0,NO
REC_0610,EXCLUDE,E1..E4,1.0,NO
REC_0611,EXCLUDE,E1..E4,1.0,NO
REC_0613,EXCLUDE,E1..E4,1.0,NO
REC_0614,EXCLUDE,E1..E4,1.0,NO
REC_0616,EXCLUDE,E1..E4,1.0,NO
REC_0618,EXCLUDE,E1..E4,1.0,NO
REC_0619,EXCLUDE,E1..E4,1.0,NO
REC_0621,EXCLUDE,E1..E4,1.0,NO
REC_0623,EXCLUDE,E1..E4,1.0,NO
REC_0624,EXCLUDE,E1..E4,1.0,NO
REC_0625,EXCLUDE,E1..E4,1.0,NO
REC_0626,EXCLUDE,E1..E4,1.0,NO
REC_0627,EXCLUDE,E1..E4,1.0,NO
REC_0628,EXCLUDE,E1..E4,1.0,NO
REC_0629,EXCLUDE,E1..E4,1.0,NO
REC_0630,EXCLUDE,E1..E4,1.0,NO
REC_0632,EXCLUDE,E1..E4,1.0,NO
REC_0633,EXCLUDE,E1..E4,1.0,NO
REC_0634,EXCLUDE,E1..E4,1.0,NO
REC_0635,EXCLUDE,E1..E4,1.0,NO
REC_0636,EXCLUDE,E1..E4,1.0,NO
REC_0638,EXCLUDE,E1..E4,1.0,NO
REC_0640,EXCLUDE,E1..E4,1.0,NO
REC_0641,EXCLUDE,E1..E4,1.0,NO
REC_0642,EXCLUDE,E1..E4,1.0,NO
REC_0643,EXCLUDE,E1..E4,1.0,NO
REC_0645,EXCLUDE,E1..E4,1.0,NO
REC_0646,EXCLUDE,E1..E4,1.0,NO
REC_0649,EXCLUDE,E1..E4,1.0,NO
REC_0650,EXCLUDE,E1..E4,1.0,NO
REC_0651,EXCLUDE,E1..E4,1.0,NO
REC_0653,EXCLUDE,E1..E4,1.0,NO
REC_0654,EXCLUDE,E1..E4,1.0,NO
REC_0655,EXCLUDE,E1..E4,1.0,NO
REC_0657,EXCLUDE,E1..E4,1.0,NO
REC_0658,EXCLUDE,E1..E4,1.0,NO
REC_0660,EXCLUDE,E1..E4,1.0,NO
REC_0661,EXCLUDE,E1..E4,1.0,NO
REC_0663,EXCLUDE,E1..E4,1.0,NO
REC_0665,EXCLUDE,E1..E4,1.0,NO
REC_0666,EXCLUDE,E1..E4,1.0,NO
REC_0667,EXCLUDE,E1..E4,1.0,NO
REC_0668,EXCLUDE,E1..E4,1.0,NO
REC_0669,EXCLUDE,E1..E4,1.0,NO
REC_0670,EXCLUDE,E1..E4,1.0,NO
REC_0671,EXCLUDE,E1..E4,1.0,NO
REC_0673,EXCLUDE,E1..E4,1.0,NO
REC_0675,EXCLUDE,E1..E4,1.0,NO
REC_0676,EXCLUDE,E1..E4,1.0,NO
REC_0677,EXCLUDE,E1..E4,1.0,NO
REC_0679,EXCLUDE,E1..E4,1.0,NO
REC_0680,EXCLUDE,E1..E4,1.0,NO
REC_0681,EXCLUDE,E1..E4,1.0,NO
REC_0682,EXCLUDE,E1..E4,1.0,NO
REC_0683,EXCLUDE,E1..E4,1.0,NO
REC_0684,EXCLUDE,E1..E4,1.0,NO
REC_0685,EXCLUDE,E1..E4,1.0,NO
REC_0686,EXCLUDE,E1..E4,1.0,NO
REC_0689,EXCLUDE,E1..E4,1.0,NO
REC_0690,EXCLUDE,E1..E4,1.0,NO
REC_0691,EXCLUDE,E1..E4,1.0,NO
REC_0694,EXCLUDE,E1..E4,1.0,NO
REC_0695,EXCLUDE,E1..E4,1.0,NO
REC_0696,EXCLUDE,E1..E4,1.0,NO
REC_0697,EXCLUDE,E1..E4,1.0,NO
REC_0698,EXCLUDE,E1..E4,1.0,NO
REC_0699,EXCLUDE,E1..E4,1.0,NO
REC_0700,EXCLUDE,E1..E4,1.0,NO
REC_0702,EXCLUDE,E1..E4,1.0,NO
REC_0704,EXCLUDE,E1..E4,1.0,NO
REC_0707,EXCLUDE,E1..E4,1.0,NO
REC_0708,EXCLUDE,E1..E4,1.0,NO
REC_0709,EXCLUDE,E1..E4,1.0,NO
REC_0710,EXCLUDE,E1..E4,1.0,NO
REC_0711,EXCLUDE,E1..E4,1.0,NO
REC_0712,EXCLUDE,E1..E4,1.0,NO
REC_0714,EXCLUDE,E1..E4,1.0,NO
REC_0715,EXCLUDE,E1..E4,1.0,NO
REC_0717,EXCLUDE,E1..E4,1.0,NO
REC_0718,EXCLUDE,E1..E4,1.0,NO
REC_0721,EXCLUDE,E1..E4,1.0,NO
REC_0724,EXCLUDE,E1..E4,1.0,NO
REC_0725,EXCLUDE,E1..E4,1.0,NO
REC_0726,EXCLUDE,E1..E4,1.0,NO
REC_0727,EXCLUDE,E1..E4,1.0,NO
REC_0728,EXCLUDE,E1..E4,1.0,NO
REC_0732,EXCLUDE,E1..E4,1.0,NO
REC_0733,EXCLUDE,E1..E4,1.0,NO
REC_0734,EXCLUDE,E1..E4,1.0,NO
REC_0735,EXCLUDE,E1..E4,1.0,NO
REC_0736,EXCLUDE,E1..E4,1.0,NO
REC_0737,EXCLUDE,E1..E4,1.0,NO
REC_0738,EXCLUDE,E1..E4,1.0,NO
REC_0739,EXCLUDE,E1..E4,1.0,NO
REC_0740,EXCLUDE,E1..E4,1.0,NO
REC_0741,EXCLUDE,E1..E4,1.0,NO
REC_0744,BORDERLINE_EXCLUDE,E1..E4,0.5,YES
REC_0745,EXCLUDE,E1..E4,1.0,NO
REC_0746,EXCLUDE,E1..E4,1.0,NO
REC_0747,EXCLUDE,E1..E4,1.0,NO
REC_0749,EXCLUDE,E1..E4,1.0,NO
REC_0750,EXCLUDE,E1..E4,1.0,NO
REC_0751,EXCLUDE,E1..E4,1.0,NO
REC_0754,EXCLUDE,E1..E4,1.0,NO
REC_0755,EXCLUDE,E1..E4,1.0,NO
REC_0756,EXCLUDE,E1..E4,1.0,NO
REC_0757,EXCLUDE,E1..E4,1.0,NO
REC_0758,EXCLUDE,E1..E4,1.0,NO
REC_0759,EXCLUDE,E1..E4,1.0,NO
REC_0760,EXCLUDE,E1..E4,1.0,NO
REC_0761,EXCLUDE,E1..E4,1.0,NO
REC_0762,EXCLUDE,E1..E4,1.0,NO
REC_0763,EXCLUDE,E1..E4,1.0,NO
REC_0764,EXCLUDE,E1..E4,1.0,NO
REC_0765,EXCLUDE,E1..E4,1.0,NO
REC_0767,EXCLUDE,E1..E4,1.0,NO
REC_0768,EXCLUDE,E1..E4,1.0,NO
REC_0769,EXCLUDE,E1..E4,1.0,NO
REC_0770,EXCLUDE,E1..E4,1.0,NO
REC_0771,EXCLUDE,E1..E4,1.0,NO
REC_0772,EXCLUDE,E1..E4,1.0,NO
REC_0773,EXCLUDE,E1..E4,1.0,NO
REC_0774,EXCLUDE,E1..E4,1.0,NO
REC_0775,EXCLUDE,E1..E4,1.0,NO
REC_0777,EXCLUDE,E1..E4,1.0,NO
REC_0778,BORDERLINE_EXCLUDE,E1..E4,0.5,YES
REC_0780,EXCLUDE,E1..E4,1.0,NO
REC_0781,EXCLUDE,E1..E4,1.0,NO
REC_0782,EXCLUDE,E1..E4,1.0,NO
REC_0784,EXCLUDE,E1..E4,1.0,NO
REC_0785,EXCLUDE,E1..E4,1.0,NO
REC_0786,EXCLUDE,E1..E4,1.0,NO
REC_0787,EXCLUDE,E1..E4,1.0,NO
REC_0788,EXCLUDE,E1..E4,1.0,NO
REC_0789,EXCLUDE,E1..E4,1.0,NO
REC_0790,BORDERLINE_EXCLUDE,E1..E4,0.5,YES
REC_0791,EXCLUDE,E1..E4,1.0,NO
REC_0792,BORDERLINE_EXCLUDE,E1..E4,0.5,YES
REC_0793,EXCLUDE,E1..E4,1.0,NO
REC_0794,EXCLUDE,E1..E4,1.0,NO
REC_0795,EXCLUDE,E1..E4,1.0,NO
REC_0796,EXCLUDE,E1..E4,1.0,NO
REC_0797,EXCLUDE,E1..E4,1.0,NO
REC_0798,EXCLUDE,E1..E4,1.0,NO
REC_0799,BORDERLINE_EXCLUDE,E1..E4,0.5,YES
REC_0800,EXCLUDE,E1..E4,1.0,NO
REC_0801,EXCLUDE,E1..E4,1.0,NO
REC_0803,EXCLUDE,E1..E4,1.0,NO
REC_0804,EXCLUDE,E1..E4,1.0,NO
REC_0805,EXCLUDE,E1..E4,1.0,NO
REC_0806,EXCLUDE,E1..E4,1.0,NO
REC_0808,EXCLUDE,E1..E4,1.0,NO
REC_0809,EXCLUDE,E1..E4,1.0,NO
REC_0810,BORDERLINE_EXCLUDE,E1..E4,0.5,YES
REC_0811,EXCLUDE,E1..E4,1.0,NO
REC_0812,BORDERLINE_EXCLUDE,E1..E4,0.5,YES
REC_0813,BORDERLINE_EXCLUDE,E1..E4,0.5,YES
REC_0815,EXCLUDE,E1..E4,1.0,NO
REC_0817,EXCLUDE,E1..E4,1.0,NO
REC_0818,BORDERLINE_EXCLUDE,E1..E4,0.7,NO
REC_0819,EXCLUDE,E1..E4,1.0,NO
REC_0820,EXCLUDE,E1..E4,1.0,NO
REC_0821,EXCLUDE,E1..E4,1.0,NO
REC_0822,BORDERLINE_EXCLUDE,E1..E4,0.5,YES
REC_0823,EXCLUDE,E1..E4,1.0,NO
REC_0825,EXCLUDE,E1..E4,1.0,NO
REC_0826,EXCLUDE,E1..E4,1.0,NO
REC_0827,EXCLUDE,E1..E4,1.0,NO
REC_0828,EXCLUDE,E1..E4,1.0,NO
REC_0829,EXCLUDE,E1..E4,1.0,NO
REC_0830,EXCLUDE,E1..E4,1.0,NO
REC_0831,EXCLUDE,E1..E4,1.0,NO
REC_0832,EXCLUDE,E1..E4,1.0,NO
REC_0833,EXCLUDE,E1..E4,1.0,NO
REC_0834,EXCLUDE,E1..E4,1.0,NO
REC_0835,EXCLUDE,E1..E4,1.0,NO
REC_0836,EXCLUDE,E1..E4,1.0,NO
REC_0837,EXCLUDE,E1..E4,1.0,NO
REC_0838,EXCLUDE,E1..E4,1.0,NO
REC_0841,EXCLUDE,E1..E4,1.0,NO
REC_0842,EXCLUDE,E1..E4,1.0,NO
REC_0844,EXCLUDE,E1..E4,1.0,NO
REC_0845,EXCLUDE,E1..E4,1.0,NO
REC_0846,EXCLUDE,E1..E4,1.0,NO
REC_0847,EXCLUDE,E1..E4,1.0,NO
REC_0848,EXCLUDE,E1..E4,1.0,NO
REC_0849,EXCLUDE,E1..E4,1.0,NO
REC_0850,EXCLUDE,E1..E4,1.0,NO
REC_0851,EXCLUDE,E1..E4,1.0,NO
REC_0853,EXCLUDE,E1..E4,1.0,NO
REC_0854,EXCLUDE,E1..E4,1.0,NO
REC_0855,EXCLUDE,E1..E4,1.0,NO
REC_0856,EXCLUDE,E1..E4,1.0,NO
REC_0861,EXCLUDE,E1..E4,1.0,NO
REC_0862,EXCLUDE,E1..E4,1.0,NO
REC_0863,EXCLUDE,E1..E4,1.0,NO
REC_0864,EXCLUDE,E1..E4,1.0,NO
REC_0865,EXCLUDE,E1..E4,1.0,NO
REC_0867,EXCLUDE,E1..E4,1.0,NO
REC_0868,EXCLUDE,E1..E4,1.0,NO
REC_0871,EXCLUDE,E1..E4,1.0,NO
REC_0872,EXCLUDE,E1..E4,1.0,NO
REC_0873,EXCLUDE,E1..E4,1.0,NO
REC_0874,EXCLUDE,E1..E4,1.0,NO
REC_0876,EXCLUDE,E1..E4,1.0,NO
REC_0877,EXCLUDE,E1..E4,1.0,NO
REC_0878,EXCLUDE,E1..E4,1.0,NO
REC_0879,EXCLUDE,E1..E4,1.0,NO
REC_0880,EXCLUDE,E1..E4,1.0,NO
REC_0881,EXCLUDE,E1..E4,1.0,NO
REC_0882,BORDERLINE_EXCLUDE,E1..E4,0.5,YES
REC_0883,EXCLUDE,E1..E4,1.0,NO
REC_0884,EXCLUDE,E1..E4,1.0,NO
REC_0885,BORDERLINE_EXCLUDE,E1..E4,0.7,NO
REC_0886,EXCLUDE,E1..E4,1.0,NO
REC_0887,EXCLUDE,E1..E4,1.0,NO
REC_0888,BORDERLINE_EXCLUDE,E1..E4,0.5,YES
REC_0889,EXCLUDE,E1..E4,1.0,NO
REC_0890,EXCLUDE,E1..E4,1.0,NO
REC_0891,EXCLUDE,E1..E4,1.0,NO
REC_0892,EXCLUDE,E1..E4,1.0,NO
REC_0893,EXCLUDE,E1..E4,1.0,NO
REC_0894,EXCLUDE,E1..E4,1.0,NO
REC_0895,EXCLUDE,E1..E4,1.0,NO
REC_0897,EXCLUDE,E1..E4,1.0,NO
REC_0898,EXCLUDE,E1..E4,1.0,NO
REC_0899,EXCLUDE,E1..E4,1.0,NO
REC_0900,EXCLUDE,E1..E4,1.0,NO
REC_0901,EXCLUDE,E1..E4,1.0,NO
REC_0902,EXCLUDE,E1..E4,1.0,NO
REC_0903,EXCLUDE,E1..E4,1.0,NO
REC_0904,EXCLUDE,E1..E4,1.0,NO
REC_0905,EXCLUDE,E1..E4,1.0,NO
REC_0906,EXCLUDE,E1..E4,1.0,NO
REC_0907,EXCLUDE,E1..E4,1.0,NO
REC_0908,EXCLUDE,E1..E4,1.0,NO
REC_0909,EXCLUDE,E1..E4,1.0,NO
REC_0910,EXCLUDE,E1..E4,1.0,NO
REC_0911,EXCLUDE,E1..E4,1.0,NO
REC_0912,EXCLUDE,E1..E4,1.0,NO
REC_0913,EXCLUDE,E1..E4,1.0,NO
REC_0914,EXCLUDE,E1..E4,1.0,NO
REC_0915,EXCLUDE,E1..E4,1.0,NO
REC_0917,EXCLUDE,E1..E4,1.0,NO
REC_0918,EXCLUDE,E1..E4,1.0,NO
REC_0919,EXCLUDE,E1..E4,1.0,NO
REC_0920,EXCLUDE,E1..E4,1.0,NO
REC_0921,EXCLUDE,E1..E4,1.0,NO
REC_0922,EXCLUDE,E1..E4,1.0,NO
REC_0923,EXCLUDE,E1..E4,1.0,NO
REC_0924,EXCLUDE,E1..E4,1.0,NO
REC_0925,EXCLUDE,E1..E4,1.0,NO
REC_0926,EXCLUDE,E1..E4,1.0,NO
REC_0927,EXCLUDE,E1..E4,1.0,NO
REC_0928,EXCLUDE,E1..E4,1.0,NO
REC_0929,BORDERLINE_EXCLUDE,E1..E4,0.5,YES
REC_0930,EXCLUDE,E1..E4,1.0,NO
REC_0931,EXCLUDE,E1..E4,1.0,NO
REC_0933,EXCLUDE,E1..E4,1.0,NO
REC_0934,EXCLUDE,E1..E4,1.0,NO
REC_0935,EXCLUDE,E1..E4,1.0,NO
REC_0936,EXCLUDE,E1..E4,1.0,NO
REC_0937,EXCLUDE,E1..E4,1.0,NO
REC_0938,EXCLUDE,E1..E4,1.0,NO
REC_0939,EXCLUDE,E1..E4,1.0,NO
REC_0940,EXCLUDE,E1..E4,1.0,NO
REC_0941,EXCLUDE,E1..E4,1.0,NO
REC_0942,EXCLUDE,E1..E4,1.0,NO
REC_0943,BORDERLINE_EXCLUDE,E1..E4,0.5,YES
REC_0944,EXCLUDE,E1..E4,1.0,NO
REC_0945,EXCLUDE,E1..E4,1.0,NO
REC_0947,EXCLUDE,E1..E4,1.0,NO
REC_0948,EXCLUDE,E1..E4,1.0,NO
REC_0949,EXCLUDE,E1..E4,1.0,NO
REC_0950,EXCLUDE,E1..E4,1.0,NO
REC_0952,EXCLUDE,E1..E4,1.0,NO
REC_0953,EXCLUDE,E1..E4,1.0,NO
REC_0954,EXCLUDE,E1..E4,1.0,NO
REC_0955,EXCLUDE,E1..E4,1.0,NO
REC_0956,EXCLUDE,E1..E4,1.0,NO
REC_0958,EXCLUDE,E1..E4,1.0,NO
REC_0959,EXCLUDE,E1..E4,1.0,NO
REC_0962,EXCLUDE,E1..E4,1.0,NO
REC_0963,EXCLUDE,E1..E4,1.0,NO
REC_0964,EXCLUDE,E1..E4,1.0,NO
REC_0965,EXCLUDE,E1..E4,1.0,NO
REC_0967,BORDERLINE_EXCLUDE,E1..E4,0.5,YES
REC_0968,EXCLUDE,E1..E4,1.0,NO
REC_0969,EXCLUDE,E1..E4,1.0,NO
REC_0970,EXCLUDE,E1..E4,1.0,NO
REC_0971,EXCLUDE,E1..E4,1.0,NO
REC_0972,EXCLUDE,E1..E4,1.0,NO
REC_0974,EXCLUDE,E1..E4,1.0,NO
REC_0975,EXCLUDE,E1..E4,1.0,NO
REC_0976,EXCLUDE,E1..E4,1.0,NO
REC_0977,EXCLUDE,E1..E4,1.0,NO
REC_0978,EXCLUDE,E1..E4,1.0,NO
REC_0979,EXCLUDE,E1..E4,1.0,NO
REC_0980,EXCLUDE,E1..E4,1.0,NO
REC_0982,EXCLUDE,E1..E4,1.0,NO
REC_0983,BORDERLINE_EXCLUDE,E1..E4,0.5,YES
REC_0984,EXCLUDE,E1..E4,1.0,NO
REC_0985,EXCLUDE,E1..E4,1.0,NO
REC_0987,EXCLUDE,E1..E4,1.0,NO
REC_0988,EXCLUDE,E1..E4,1.0,NO
REC_0989,EXCLUDE,E1..E4,1.0,NO
REC_0990,BORDERLINE_EXCLUDE,E1..E4,0.7,NO
REC_0991,EXCLUDE,E1..E4,1.0,NO
REC_0992,EXCLUDE,E1..E4,1.0,NO
REC_0998,EXCLUDE,E1..E4,1.0,NO
REC_0999,EXCLUDE,E1..E4,1.0,NO
REC_1000,BORDERLINE_EXCLUDE,E1..E4,0.5,YES
REC_1004,EXCLUDE,E1..E4,1.0,NO
REC_1005,EXCLUDE,E1..E4,1.0,NO
REC_1009,EXCLUDE,E1..E4,1.0,NO
REC_1010,EXCLUDE,E1..E4,1.0,NO
REC_1013,BORDERLINE_EXCLUDE,E1..E4,0.5,YES
REC_1016,EXCLUDE,E1..E4,1.0,NO
REC_1024,EXCLUDE,E1..E4,1.0,NO
REC_1030,BORDERLINE_EXCLUDE,E1..E4,0.5,YES
REC_1031,EXCLUDE,E1..E4,1.0,NO
REC_1036,BORDERLINE_EXCLUDE,E1..E4,0.5,YES
REC_1037,EXCLUDE,E1..E4,1.0,NO
REC_1038,EXCLUDE,E1..E4,1.0,NO
REC_1041,EXCLUDE,E1..E4,1.0,NO
REC_1042,EXCLUDE,E1..E4,1.0,NO
REC_1047,EXCLUDE,E1..E4,1.0,NO
REC_1052,EXCLUDE,E1..E4,1.0,NO
REC_1053,EXCLUDE,E1..E4,1.0,NO
REC_1054,EXCLUDE,E1..E4,1.0,NO
REC_1058,EXCLUDE,E1..E4,1.0,NO
REC_1060,EXCLUDE,E1..E4,1.0,NO
REC_1061,EXCLUDE,E1..E4,1.0,NO
REC_1066,EXCLUDE,E1..E4,1.0,NO
REC_1071,EXCLUDE,E1..E4,1.0,NO
REC_1073,EXCLUDE,E1..E4,1.0,NO
REC_1074,EXCLUDE,E1..E4,1.0,NO
REC_1076,EXCLUDE,E1..E4,1.0,NO
REC_1078,BORDERLINE_EXCLUDE,E1..E4,0.5,YES
REC_1081,BORDERLINE_EXCLUDE,E1..E4,0.5,YES
REC_1082,EXCLUDE,E1..E4,1.0,NO
REC_1087,EXCLUDE,E1..E4,1.0,NO
REC_1091,EXCLUDE,E1..E4,1.0,NO
REC_1093,EXCLUDE,E1..E4,1.0,NO
REC_1101,BORDERLINE_EXCLUDE,E1..E4,0.5,YES
REC_1102,BORDERLINE_EXCLUDE,E1..E4,0.5,YES
REC_1109,EXCLUDE,E1..E4,1.0,NO
REC_1111,EXCLUDE,E1..E4,1.0,NO
REC_1122,EXCLUDE,E1..E4,1.0,NO
REC_1125,BORDERLINE_EXCLUDE,E1..E4,0.7,NO
REC_1129,EXCLUDE,E1..E4,1.0,NO
REC_1136,EXCLUDE,E1..E4,1.0,NO
REC_1138,EXCLUDE,E1..E4,1.0,NO
REC_1141,BORDERLINE_EXCLUDE,E1..E4,0.5,YES
REC_1144,EXCLUDE,E1..E4,1.0,NO
REC_1152,EXCLUDE,E1..E4,1.0,NO
REC_1154,EXCLUDE,E1..E4,1.0,NO
REC_1158,EXCLUDE,E1..E4,1.0,NO
REC_1161,EXCLUDE,E1..E4,1.0,NO
REC_1162,BORDERLINE_EXCLUDE,E1..E4,0.5,YES
REC_1166,BORDERLINE_EXCLUDE,E1..E4,0.5,YES
REC_1169,EXCLUDE,E1..E4,1.0,NO
REC_1170,EXCLUDE,E1..E4,1.0,NO
REC_1173,EXCLUDE,E1..E4,1.0,NO
REC_1176,EXCLUDE,E1..E4,1.0,NO
REC_1177,BORDERLINE_EXCLUDE,E1..E4,0.5,YES
REC_1179,EXCLUDE,E1..E4,1.0,NO
REC_1180,EXCLUDE,E1..E4,1.0,NO
REC_1182,BORDERLINE_EXCLUDE,E1..E4,0.5,YES
REC_1193,EXCLUDE,E1..E4,1.0,NO
REC_1195,BORDERLINE_EXCLUDE,E1..E4,0.5,YES
REC_1199,EXCLUDE,E1..E4,1.0,NO
REC_1202,EXCLUDE,E1..E4,1.0,NO
REC_1203,EXCLUDE,E1..E4,1.0,NO
REC_1205,BORDERLINE_EXCLUDE,E1..E4,0.5,YES
REC_1206,BORDERLINE_EXCLUDE,E1..E4,0.5,YES
REC_1215,EXCLUDE,E1..E4,1.0,NO
REC_1221,EXCLUDE,E1..E4,1.0,NO
REC_1226,EXCLUDE,E1..E4,1.0,NO
REC_1231,EXCLUDE,E1..E4,1.0,NO
REC_1237,BORDERLINE_EXCLUDE,E1..E4,0.5,YES
REC_1238,EXCLUDE,E1..E4,1.0,NO
REC_1239,EXCLUDE,E1..E4,1.0,NO
REC_1240,EXCLUDE,E1..E4,1.0,NO
REC_1241,EXCLUDE,E1..E4,1.0,NO
REC_1246,EXCLUDE,E1..E4,1.0,NO
REC_1247,EXCLUDE,E1..E4,1.0,NO
REC_1257,EXCLUDE,E1..E4,1.0,NO
REC_1259,EXCLUDE,E1..E4,1.0,NO
REC_1260,BORDERLINE_EXCLUDE,E1..E4,0.5,YES
REC_1262,EXCLUDE,E1..E4,1.0,NO
REC_1263,EXCLUDE,E1..E4,1.0,NO
REC_1265,BORDERLINE_EXCLUDE,E1..E4,0.7,NO
REC_1269,BORDERLINE_EXCLUDE,E1..E4,0.5,YES
REC_1271,EXCLUDE,E1..E4,1.0,NO
REC_1280,EXCLUDE,E1..E4,1.0,NO
REC_1287,BORDERLINE_EXCLUDE,E1..E4,0.5,YES
REC_1288,EXCLUDE,E1..E4,1.0,NO
REC_1290,EXCLUDE,E1..E4,1.0,NO
REC_1292,EXCLUDE,E1..E4,1.0,NO
REC_1293,EXCLUDE,E1..E4,1.0,NO
REC_1296,EXCLUDE,E1..E4,1.0,NO
REC_1300,EXCLUDE,E1..E4,1.0,NO
REC_1305,EXCLUDE,E1..E4,1.0,NO
REC_1312,EXCLUDE,E1..E4,1.0,NO
REC_1314,EXCLUDE,E1..E4,1.0,NO
REC_1319,EXCLUDE,E1..E4,1.0,NO
REC_1321,EXCLUDE,E1..E4,1.0,NO
REC_1324,EXCLUDE,E1..E4,1.0,NO
REC_1325,EXCLUDE,E1..E4,1.0,NO
REC_1326,BORDERLINE_EXCLUDE,E1..E4,0.5,YES
REC_1328,EXCLUDE,E1..E4,1.0,NO
REC_1329,EXCLUDE,E1..E4,1.0,NO
REC_1333,EXCLUDE,E1..E4,1.0,NO
REC_1335,EXCLUDE,E1..E4,1.0,NO
REC_1337,BORDERLINE_EXCLUDE,E1..E4,0.5,YES
REC_1342,BORDERLINE_EXCLUDE,E1..E4,0.5,YES
REC_1343,EXCLUDE,E1..E4,1.0,NO
REC_1345,BORDERLINE_EXCLUDE,E1..E4,0.5,YES
REC_1349,EXCLUDE,E1..E4,1.0,NO
REC_1350,EXCLUDE,E1..E4,1.0,NO
REC_1351,EXCLUDE,E1..E4,1.0,NO
REC_1354,EXCLUDE,E1..E4,1.0,NO
REC_1357,EXCLUDE,E1..E4,1.0,NO
REC_1359,BORDERLINE_EXCLUDE,E1..E4,0.5,YES
REC_1360,EXCLUDE,E1..E4,1.0,NO
REC_1362,EXCLUDE,E1..E4,1.0,NO
REC_1364,EXCLUDE,E1..E4,1.0,NO
REC_1367,EXCLUDE,E1..E4,1.0,NO
REC_1368,EXCLUDE,E1..E4,1.0,NO
REC_1369,EXCLUDE,E1..E4,1.0,NO
REC_1371,EXCLUDE,E1..E4,1.0,NO
REC_1372,EXCLUDE,E1..E4,1.0,NO
REC_1377,EXCLUDE,E1..E4,1.0,NO
REC_1380,EXCLUDE,E1..E4,1.0,NO
REC_1382,EXCLUDE,E1..E4,1.0,NO
REC_1383,BORDERLINE_EXCLUDE,E1..E4,0.5,YES
REC_1384,EXCLUDE,E1..E4,1.0,NO
REC_1385,EXCLUDE,E1..E4,1.0,NO
REC_1386,BORDERLINE_EXCLUDE,E1..E4,0.5,YES
REC_1387,EXCLUDE,E1..E4,1.0,NO
REC_1388,EXCLUDE,E1..E4,1.0,NO
REC_1389,EXCLUDE,E1..E4,1.0,NO
REC_1390,EXCLUDE,E1..E4,1.0,NO
REC_1391,EXCLUDE,E1..E4,1.0,NO
REC_1392,EXCLUDE,E1..E4,1.0,NO
REC_1394,EXCLUDE,E1..E4,1.0,NO
REC_1395,BORDERLINE_EXCLUDE,E1..E4,0.5,YES
REC_1396,EXCLUDE,E1..E4,1.0,NO
REC_1397,BORDERLINE_EXCLUDE,E1..E4,0.5,YES
REC_1401,BORDERLINE_EXCLUDE,E1..E4,0.5,YES
REC_1404,EXCLUDE,E1..E4,1.0,NO
REC_1406,EXCLUDE,E1..E4,1.0,NO
REC_1407,EXCLUDE,E1..E4,1.0,NO
REC_1408,EXCLUDE,E1..E4,1.0,NO
REC_1410,BORDERLINE_EXCLUDE,E1..E4,0.5,YES
REC_1413,BORDERLINE_EXCLUDE,E1..E4,0.5,YES
REC_1414,BORDERLINE_EXCLUDE,E1..E4,0.5,YES
REC_1415,BORDERLINE_EXCLUDE,E1..E4,0.5,YES
REC_1418,EXCLUDE,E1..E4,1.0,NO
REC_1419,EXCLUDE,E1..E4,1.0,NO
REC_1420,EXCLUDE,E1..E4,1.0,NO
REC_1424,EXCLUDE,E1..E4,1.0,NO
REC_1425,EXCLUDE,E1..E4,1.0,NO
REC_1426,EXCLUDE,E1..E4,1.0,NO
REC_1427,BORDERLINE_EXCLUDE,E1..E4,0.5,YES
REC_1428,EXCLUDE,E1..E4,1.0,NO
REC_1430,EXCLUDE,E1..E4,1.0,NO
REC_1436,EXCLUDE,E1..E4,1.0,NO
REC_1441,EXCLUDE,E1..E4,1.0,NO
REC_1444,EXCLUDE,E1..E4,1.0,NO
REC_1445,EXCLUDE,E1..E4,1.0,NO
REC_1446,EXCLUDE,E1..E4,1.0,NO
REC_1448,EXCLUDE,E1..E4,1.0,NO
REC_1450,EXCLUDE,E1..E4,1.0,NO
REC_1456,EXCLUDE,E1..E4,1.0,NO
REC_1457,EXCLUDE,E1..E4,1.0,NO
REC_1458,EXCLUDE,E1..E4,1.0,NO
REC_1460,EXCLUDE,E1..E4,1.0,NO
REC_1464,BORDERLINE_EXCLUDE,E1..E4,0.5,YES
REC_1466,BORDERLINE_EXCLUDE,E1..E4,0.5,YES
REC_1467,BORDERLINE_EXCLUDE,E1..E4,0.5,YES
REC_1468,EXCLUDE,E1..E4,1.0,NO
REC_1469,EXCLUDE,E1..E4,1.0,NO
REC_1470,BORDERLINE_EXCLUDE,E1..E4,0.5,YES
REC_1471,EXCLUDE,E1..E4,1.0,NO
REC_1472,BORDERLINE_EXCLUDE,E1..E4,0.5,YES
REC_1473,EXCLUDE,E1..E4,1.0,NO
REC_1476,EXCLUDE,E1..E4,1.0,NO
REC_1478,BORDERLINE_EXCLUDE,E1..E4,0.5,YES
REC_1479,EXCLUDE,E1..E4,1.0,NO
REC_1481,EXCLUDE,E1..E4,1.0,NO
REC_1482,BORDERLINE_EXCLUDE,E1..E4,0.5,YES
REC_1485,EXCLUDE,E1..E4,1.0,NO
REC_1486,EXCLUDE,E1..E4,1.0,NO
REC_1487,BORDERLINE_EXCLUDE,E1..E4,0.5,YES
REC_1489,EXCLUDE,E1..E4,1.0,NO
REC_1492,EXCLUDE,E1..E4,1.0,NO
REC_1493,BORDERLINE_EXCLUDE,E1..E4,0.5,YES
REC_1494,BORDERLINE_EXCLUDE,E1..E4,0.7,NO
REC_1495,EXCLUDE,E1..E4,1.0,NO
REC_1497,EXCLUDE,E1..E4,1.0,NO
REC_1498,EXCLUDE,E1..E4,1.0,NO
REC_1499,EXCLUDE,E1..E4,1.0,NO
REC_1500,BORDERLINE_EXCLUDE,E1..E4,0.5,YES
REC_1501,EXCLUDE,E1..E4,1.0,NO
REC_1503,EXCLUDE,E1..E4,1.0,NO
REC_1505,BORDERLINE_EXCLUDE,E1..E4,0.7,NO
REC_1506,BORDERLINE_EXCLUDE,E1..E4,0.5,YES
REC_1507,EXCLUDE,E1..E4,1.0,NO
REC_1508,EXCLUDE,E1..E4,1.0,NO
REC_1509,EXCLUDE,E1..E4,1.0,NO
REC_1510,EXCLUDE,E1..E4,1.0,NO
REC_1511,EXCLUDE,E1..E4,1.0,NO
REC_1513,EXCLUDE,E1..E4,1.0,NO
REC_1514,EXCLUDE,E1..E4,1.0,NO
REC_1515,BORDERLINE_EXCLUDE,E1..E4,0.5,YES
REC_1516,EXCLUDE,E1..E4,1.0,NO
REC_1517,BORDERLINE_EXCLUDE,E1..E4,0.5,YES
REC_1520,EXCLUDE,E1..E4,1.0,NO
REC_1523,BORDERLINE_EXCLUDE,E1..E4,0.5,YES
REC_1524,EXCLUDE,E1..E4,1.0,NO
REC_1527,EXCLUDE,E1..E4,1.0,NO
REC_1528,EXCLUDE,E1..E4,1.0,NO
REC_1530,EXCLUDE,E1..E4,1.0,NO
REC_1531,BORDERLINE_EXCLUDE,E1..E4,0.5,YES
REC_1532,EXCLUDE,E1..E4,1.0,NO
REC_1533,EXCLUDE,E1..E4,1.0,NO
REC_1534,EXCLUDE,E1..E4,1.0,NO
REC_1538,BORDERLINE_EXCLUDE,E1..E4,0.7,NO
REC_1542,EXCLUDE,E1..E4,1.0,NO
REC_1543,BORDERLINE_EXCLUDE,E1..E4,0.5,YES
REC_1544,EXCLUDE,E1..E4,1.0,NO
REC_1545,EXCLUDE,E1..E4,1.0,NO
REC_1546,EXCLUDE,E1..E4,1.0,NO
REC_1550,EXCLUDE,E1..E4,1.0,NO
REC_1551,EXCLUDE,E1..E4,1.0,NO
REC_1552,EXCLUDE,E1..E4,1.0,NO
REC_1554,EXCLUDE,E1..E4,1.0,NO
REC_1556,EXCLUDE,E1..E4,1.0,NO
REC_1558,EXCLUDE,E1..E4,1.0,NO
REC_1559,EXCLUDE,E1..E4,1.0,NO
REC_1560,EXCLUDE,E1..E4,1.0,NO
REC_1562,EXCLUDE,E1..E4,1.0,NO
REC_1563,EXCLUDE,E1..E4,1.0,NO
REC_1565,EXCLUDE,E1..E4,1.0,NO
REC_1566,EXCLUDE,E1..E4,1.0,NO
REC_1567,EXCLUDE,E1..E4,1.0,NO
REC_1568,EXCLUDE,E1..E4,1.0,NO
REC_1571,EXCLUDE,E1..E4,1.0,NO
REC_1572,EXCLUDE,E1..E4,1.0,NO
REC_1574,EXCLUDE,E1..E4,1.0,NO
REC_1575,BORDERLINE_EXCLUDE,E1..E4,0.7,NO
REC_1577,EXCLUDE,E1..E4,1.0,NO
REC_1578,BORDERLINE_EXCLUDE,E1..E4,0.5,YES
REC_1579,EXCLUDE,E1..E4,1.0,NO
REC_1580,EXCLUDE,E1..E4,1.0,NO
REC_1583,BORDERLINE_EXCLUDE,E1..E4,0.5,YES
REC_1584,BORDERLINE_EXCLUDE,E1..E4,0.5,YES
REC_1585,BORDERLINE_EXCLUDE,E1..E4,0.5,YES
REC_1586,EXCLUDE,E1..E4,1.0,NO
REC_1588,EXCLUDE,E1..E4,1.0,NO
REC_1590,BORDERLINE_EXCLUDE,E1..E4,0.5,YES
REC_1591,EXCLUDE,E1..E4,1.0,NO
REC_1592,EXCLUDE,E1..E4,1.0,NO
REC_1595,BORDERLINE_EXCLUDE,E1..E4,0.5,YES
REC_1596,EXCLUDE,E1..E4,1.0,NO
REC_1597,EXCLUDE,E1..E4,1.0,NO
REC_1599,EXCLUDE,E1..E4,1.0,NO
REC_1600,EXCLUDE,E1..E4,1.0,NO
REC_1605,EXCLUDE,E1..E4,1.0,NO
REC_1607,EXCLUDE,E1..E4,1.0,NO
REC_1611,EXCLUDE,E1..E4,1.0,NO
REC_1613,EXCLUDE,E1..E4,1.0,NO
REC_1614,EXCLUDE,E1..E4,1.0,NO
REC_1616,EXCLUDE,E1..E4,1.0,NO
REC_1618,EXCLUDE,E1..E4,1.0,NO
REC_1621,EXCLUDE,E1..E4,1.0,NO
REC_1622,BORDERLINE_EXCLUDE,E1..E4,0.5,YES
REC_1623,EXCLUDE,E1..E4,1.0,NO
REC_1624,EXCLUDE,E1..E4,1.0,NO
REC_1629,BORDERLINE_EXCLUDE,E1..E4,0.5,YES
REC_1630,EXCLUDE,E1..E4,1.0,NO
REC_1631,EXCLUDE,E1..E4,1.0,NO
REC_1633,BORDERLINE_EXCLUDE,E1..E4,0.5,YES
REC_1634,EXCLUDE,E1..E4,1.0,NO
REC_1635,EXCLUDE,E1..E4,1.0,NO
REC_1638,EXCLUDE,E1..E4,1.0,NO
REC_1639,EXCLUDE,E1..E4,1.0,NO
REC_1641,EXCLUDE,E1..E4,1.0,NO
REC_1644,EXCLUDE,E1..E4,1.0,NO
REC_1645,EXCLUDE,E1..E4,1.0,NO
REC_1648,EXCLUDE,E1..E4,1.0,NO
REC_1649,BORDERLINE_EXCLUDE,E1..E4,0.5,YES
REC_1650,EXCLUDE,E1..E4,1.0,NO
REC_1651,EXCLUDE,E1..E4,1.0,NO
REC_1652,EXCLUDE,E1..E4,1.0,NO
REC_1657,EXCLUDE,E1..E4,1.0,NO
REC_1658,EXCLUDE,E1..E4,1.0,NO
REC_1661,BORDERLINE_EXCLUDE,E1..E4,0.5,YES
REC_1664,EXCLUDE,E1..E4,1.0,NO
REC_1665,EXCLUDE,E1..E4,1.0,NO
REC_1666,BORDERLINE_EXCLUDE,E1..E4,0.5,YES
REC_1668,EXCLUDE,E1..E4,1.0,NO
REC_1670,EXCLUDE,E1..E4,1.0,NO
REC_1677,EXCLUDE,E1..E4,1.0,NO
REC_1680,EXCLUDE,E1..E4,1.0,NO
REC_1681,EXCLUDE,E1..E4,1.0,NO
REC_1682,BORDERLINE_EXCLUDE,E1..E4,0.5,YES
REC_1683,EXCLUDE,E1..E4,1.0,NO
REC_1684,EXCLUDE,E1..E4,1.0,NO
REC_1685,EXCLUDE,E1..E4,1.0,NO
REC_1686,EXCLUDE,E1..E4,1.0,NO
REC_1687,EXCLUDE,E1..E4,1.0,NO
REC_1689,EXCLUDE,E1..E4,1.0,NO
REC_1690,EXCLUDE,E1..E4,1.0,NO
REC_1691,EXCLUDE,E1..E4,1.0,NO
REC_1692,EXCLUDE,E1..E4,1.0,NO
REC_1693,EXCLUDE,E1..E4,1.0,NO
REC_1698,BORDERLINE_EXCLUDE,E1..E4,0.5,YES
REC_1699,EXCLUDE,E1..E4,1.0,NO
REC_1707,BORDERLINE_EXCLUDE,E1..E4,0.5,YES
REC_1708,BORDERLINE_EXCLUDE,E1..E4,0.5,YES
REC_1710,EXCLUDE,E1..E4,1.0,NO
REC_1712,BORDERLINE_EXCLUDE,E1..E4,0.7,NO
REC_1713,EXCLUDE,E1..E4,1.0,NO
REC_1719,EXCLUDE,E1..E4,1.0,NO
