paper_number,title,year,experiment_type,appraiser1_real_robot,appraiser1_ground_truth,appraiser1_repeatability,appraiser1_absolute_and_relative_error,appraiser1_trajectory_duration_scale,appraiser1_failure_or_ablation,appraiser1_established_baseline,appraiser1_matched_baseline,appraiser1_released_code_data_detail,appraiser2_real_robot,appraiser2_ground_truth,appraiser2_repeatability,appraiser2_absolute_and_relative_error,appraiser2_trajectory_duration_scale,appraiser2_failure_or_ablation,appraiser2_established_baseline,appraiser2_matched_baseline,appraiser2_released_code_data_detail,consensus_rigor,consensus_reporting,consensus_baseline,consensus_repro,consensus_notes
11,Visual Odometry/Inertial Integration for Enhanced Land Vehicle Navigation in GNSS Denied Environment,2020,Real_World,,,,,,,,,,,,,,,,,,,,,,,
17,Development of Nano UAV Platform for Navigation in GPS-Denied Environment Using Snapdragon,2018,Real_World,,,,,,,,,,,,,,,,,,,,,,,
32,Autonomous Navigation Systems in GPS-Denied Environments: A Review of Techniques and Applications,2025,Real_World,,,,,,,,,,,,,,,,,,,,,,,
35,State Estimation and Control for Micro Aerial Vehicles in GPS-denied Environments,2020,Real_World,,,,,,,,,,,,,,,,,,,,,,,
36,Artificial Intelligence-Driven Innovations in SLAM for Robotics and Autonomous Navigation,2025,Real_World,,,,,,,,,,,,,,,,,,,,,,,
38,Autonomous Aerial–Ground Cooperative Navigation Based on Information-Seeking in GNSS-Denied Environments,2023,Simulation,,,,,,,,,,,,,,,,,,,,,,,
47,Sensor Fusion for Octagon – an Indoor and Outdoor Autonomous Mobile Robot,2022,Real_World,,,,,,,,,,,,,,,,,,,,,,,
53,Vision-based Navigation of Unmanned Aerial Vehicles,2024,Real_World,,,,,,,,,,,,,,,,,,,,,,,
56,Stable Cycles for Underwater Navigation,2025,Real_World,,,,,,,,,,,,,,,,,,,,,,,
63,"Enhanced V-SLAM combining SVO and ORB-SLAM2, with reduced computational complexity, to improve autonomous indoor mini-drone navigation under varying conditions",2022,Real_World,,,,,,,,,,,,,,,,,,,,,,,
64,Positioning and Navigation Approaches Using Packet Loss-Based Multilateration for UAVs in GPS-Denied Environments,2024,Simulation,,,,,,,,,,,,,,,,,,,,,,,
67,Submap-Based Indoor Navigation System for the Fetch Robot,2020,Real_World,,,,,,,,,,,,,,,,,,,,,,,
89,Exploring Deep Learning-Based Visual Localization Techniques for UAVs in GPS-Denied Environments,2024,Real_World,,,,,,,,,,,,,,,,,,,,,,,
90,SkyAid: A Low-Cost Autonomous Hexacopter for Resilient Medical Supply Delivery in GPS-Denied Environments,2025,Real_World,,,,,,,,,,,,,,,,,,,,,,,
96,Cooperative UWB-Based Localization for Outdoors Positioning and Navigation of UAVs aided by Ground Robots,2021,Simulation,,,,,,,,,,,,,,,,,,,,,,,
107,Augmented Radar Odometry by Nested Optimal Filter Aided Navigation for UAVS in GNSS Denied Environment,2021,Real_World,,,,,,,,,,,,,,,,,,,,,,,
110,GPS-Denied Autonomous Navigation: A Sensor Fusion and Real-Time Image Processing Approach,2025,Real_World,,,,,,,,,,,,,,,,,,,,,,,
118,A Vision-Aided Navigation System by Ground-Aerial Vehicle Cooperation for UAV in GNSS-Denied Environments,2018,Real_World,,,,,,,,,,,,,,,,,,,,,,,
122,Impact of Unmanned Aircraft Regulations on Autonomous Navigation Approaches for Indoor Multi-Rotor Applications — Survey,2021,Real_World,,,,,,,,,,,,,,,,,,,,,,,
125,Autonomous Cross-Floor Navigation System for a ROS-Based Modular Service Robot,2019,Real_World,,,,,,,,,,,,,,,,,,,,,,,
129,Factor Graph Optimization based Sensor Fusion Positioning Algorithm for UAV in GPS-denied Environment,2025,Simulation,,,,,,,,,,,,,,,,,,,,,,,
130,Triangulation-Enhanced WiFi-Based Autonomous Localization and Navigation System: A Low-Cost Approach,2024,Real_World,,,,,,,,,,,,,,,,,,,,,,,
136,A Novel Positioning Method for UAV in GNSS-Denied Environments Based on Mechanical Antenna,2024,Real_World,,,,,,,,,,,,,,,,,,,,,,,
137,Multi-UAVs Cooperative Localization with Deep Reinforcement Learning in GPS-Denied Environment,2025,Simulation,,,,,,,,,,,,,,,,,,,,,,,
138,Autonomous Exploration and Mapping System Using Heterogeneous UAVs and UGVs in GPS-Denied Environments,2019,Simulation,,,,,,,,,,,,,,,,,,,,,,,
141,Mini Mapper: Cost-Effective Indoor Mapping and Navigation using Nano Drone,2025,Simulation,,,,,,,,,,,,,,,,,,,,,,,
152,Preliminary Study on System Design of USBL-Aided Underwater Navigation for Hull Cleaning Robots,2023,Real_World,,,,,,,,,,,,,,,,,,,,,,,
153,Indoor radar SLAM A radar application for vision and GPS denied environments,2013,Real_World,,,,,,,,,,,,,,,,,,,,,,,
163,Autonomous Indoor Navigation for Wheelchairs using Signboards,2019,Real_World,,,,,,,,,,,,,,,,,,,,,,,
168,GenNav: A Generic Indoor Navigation System for Mobile Robots,2020,Simulation,,,,,,,,,,,,,,,,,,,,,,,
170,Comparing UAV camera data with satellite imagery for global localization,2024,Real_World,,,,,,,,,,,,,,,,,,,,,,,
177,Mobile Robot Localization Based On Low-Cost LTE And Odometry In GPS-Denied Outdoor Environment,2019,Real_World,,,,,,,,,,,,,,,,,,,,,,,
182,Indoor Navigation Using Adaptive Neuro Fuzzy Controller for Servant Robot,2010,Real_World,,,,,,,,,,,,,,,,,,,,,,,
184,Stereo Vision SLAM for Autonomous Uncrewed Surface Vessels in GPS-Denied and Uncharted Ports,2026,Real_World,,,,,,,,,,,,,,,,,,,,,,,
187,Topological Indoor Localization and Navigation for Autonomous Mobile Robot,2015,Real_World,,,,,,,,,,,,,,,,,,,,,,,
192,Visual-Based Deep Reinforcement Learning for Mobile Robot Obstacle Avoidance Navigation,2023,Real_World,,,,,,,,,,,,,,,,,,,,,,,
199,An Autonomous Simultaneous Localization and Mapping Walker for Indoor Navigation,2018,Real_World,,,,,,,,,,,,,,,,,,,,,,,
202,Design of A Positioning System for UAV in GPS-denied Environment,2022,Simulation,,,,,,,,,,,,,,,,,,,,,,,
205,PhysNav-DG: A Novel Adaptive Framework for Robust VLM-Sensor Fusion in Navigation Applications,2025,Real_World,,,,,,,,,,,,,,,,,,,,,,,
207,V2I-Based LiDAR and RSSI-Based Ranging-Assisted Visual-Inertial Odometry for Robust Ego Vehicle Localization in GPS-Denied Environments,2026,Real_World,,,,,,,,,,,,,,,,,,,,,,,
219,Comparison of Planned Path and Travelled Path Using ROS Navigation Stack,2020,Simulation,,,,,,,,,,,,,,,,,,,,,,,
225,Smart Suitcase for Visually Challenged Individuals in Airport Environments using UWB and LiDAR Fusion SLAM: Morocco Case Study,2024,Real_World,,,,,,,,,,,,,,,,,,,,,,,
232,Design of an Indoor Surveying and Mapping Robot Based on SLAM Technology,2021,Real_World,,,,,,,,,,,,,,,,,,,,,,,
234,Mobile Robot Localization via Indoor Positioning System and Odometry Fusion,2024,Real_World,,,,,,,,,,,,,,,,,,,,,,,
235,Doorway detection for autonomous indoor navigation of unmanned vehicles,2016,Real_World,,,,,,,,,,,,,,,,,,,,,,,
239,Autonomous Flight Control Design Based on Multi-Sensor Fusion for a Low-Cost Quadrotor in GPS-Denied Environments,2022,Real_World,,,,,,,,,,,,,,,,,,,,,,,
248,An Optimization Framework for Efficient Vision-Based Autonomous Drone Navigation,2022,Real_World,,,,,,,,,,,,,,,,,,,,,,,
249,An Autonomously Guided Differential Drive Robot Base Using Asus® Xtion Pro Live,2020,Real_World,,,,,,,,,,,,,,,,,,,,,,,
253,Smart Swarm Robot Navigation System Using Ceiling- Mounted Vision and MQTT Communication,2026,Real_World,,,,,,,,,,,,,,,,,,,,,,,
256,"Design, Implementation & Optimization of Indoor Autonomous Mobile Robotic System Using RGBD Camera and 2D Lidar",2025,Real_World,,,,,,,,,,,,,,,,,,,,,,,
258,Comparative Performance of Simultaneous Localization and Mapping Algorithms for Unmanned Aircraft Based Navigation Systems,2018,Simulation,,,,,,,,,,,,,,,,,,,,,,,
266,Single-Image Depth to 3D Path planning for Collision-Free Drone Navigation,2025,Real_World,,,,,,,,,,,,,,,,,,,,,,,
272,Preliminary Results on Cooperative Localization of ASV and AUV Using Acoustic Relative Positioning,2025,Real_World,,,,,,,,,,,,,,,,,,,,,,,
275,AUTO-PACK: Autonomous Robot for Efficient Medical Logistics in Hospital,2025,Real_World,,,,,,,,,,,,,,,,,,,,,,,
276,Ultra-wideband Automatic Anchor's Localization for Indoor Path Tracking,2022,Real_World,,,,,,,,,,,,,,,,,,,,,,,
277,Semi-Autonomous Interaction Framework for Contact-Based Operations with Commercial UAVs IN GNSS-Denied Environments,2025,Real_World,,,,,,,,,,,,,,,,,,,,,,,
282,Deep Reinforcement Learning Based UAV for Indoor Navigation and Exploration in Unknown Environments,2022,Simulation,,,,,,,,,,,,,,,,,,,,,,,
284,"LIVW-Localization: A Multimodal Information Fused Vehicle Localization Method for Complex, Large-Scale, and GNSS-Denied Environments",2024,Real_World,,,,,,,,,,,,,,,,,,,,,,,
290,Kinect depth image based door detection for autonomous indoor navigation,2014,Real_World,,,,,,,,,,,,,,,,,,,,,,,
293,Adaptive Square-Root Cubature Kalman Filter Based Low Cost UAV Positioning in Dark and GPS-Denied Environments,2025,Real_World,,,,,,,,,,,,,,,,,,,,,,,
304,Visual Assist System With Enhanced Localization for Indoor Navigation of Visually Impaired People,2024,Real_World,,,,,,,,,,,,,,,,,,,,,,,
317,Simulation of UWB Radar-Based Positioning Performance for a UAV in an Urban Area,2018,Simulation,,,,,,,,,,,,,,,,,,,,,,,
321,Tracking Feasibility of UWB Positioning System for Lighter-than-Air Indoor Robot Navigation,2021,Real_World,,,,,,,,,,,,,,,,,,,,,,,
323,Distributed Cooperative UAV Leader-Follower Strategies in GNSS-Denied Environments,2025,Simulation,,,,,,,,,,,,,,,,,,,,,,,
327,Research on Multi-Sensor Indoor Cross-Floor Autonomous Navigation System Based on LiDAR-Visual Fusion SLAM,2025,Real_World,,,,,,,,,,,,,,,,,,,,,,,
345,Distance function based 6DOF localization for unmanned aerial vehicles in GPS denied environments,2017,Simulation,,,,,,,,,,,,,,,,,,,,,,,
350,Research on Autonomous Navigation of a Disinfection Robot for Hospital Based on ROS,2023,Simulation,,,,,,,,,,,,,,,,,,,,,,,
353,Enhancing Visual Odometry: Integrating Load Variability and Optimized RGB-Depth Fusion in Transformer Networks,2025,Real_World,,,,,,,,,,,,,,,,,,,,,,,
364,Autonomous Indoor Navigator,2025,Real_World,,,,,,,,,,,,,,,,,,,,,,,
370,WHU-Helmet: A Helmet-Based Multisensor SLAM Dataset for the Evaluation of Real-Time 3-D Mapping in Large-Scale GNSS-Denied Environments,2023,Real_World,,,,,,,,,,,,,,,,,,,,,,,
388,Multi-UAV Cooperative Navigation Based on Multisource Information Fusion: A Review,2026,Real_World,,,,,,,,,,,,,,,,,,,,,,,
389,Pose-A VLoc: a Drone Adaptive Visual Continuous Localization Framework Based on Pose Assistance,2026,Real_World,,,,,,,,,,,,,,,,,,,,,,,
399,SLAM-DRLnav: A SLAM-Enhanced Deep Reinforcement Learning Navigation Framework for Indoor Self-driving,2023,Real_World,,,,,,,,,,,,,,,,,,,,,,,
408,Autonomous Navigation of a Single UAV in Cluttered Indoor Environment via Cuckoo Search Algorithm,2025,Simulation,,,,,,,,,,,,,,,,,,,,,,,
409,Dust-Resilient Autonomous Navigation and Mapping for UAVs in GNSS-Denied Underground Tunnels,2026,Real_World,,,,,,,,,,,,,,,,,,,,,,,
411,A Survey on Odometry for Autonomous Navigation Systems,2019,Real_World,,,,,,,,,,,,,,,,,,,,,,,
414,Development of an Efficient Path Planning Algorithm for Indoor Navigation,2021,Simulation,,,,,,,,,,,,,,,,,,,,,,,
416,Vision-based pose estimation for autonomous indoor navigation of micro-scale Unmanned Aircraft Systems,2010,Real_World,,,,,,,,,,,,,,,,,,,,,,,
417,An Indoor Navigation Robot Using Augmented Reality,2019,Real_World,,,,,,,,,,,,,,,,,,,,,,,
420,TOM-Odometry: A Generalized Localization Framework Based on Topological Map and Odometry,2023,Real_World,,,,,,,,,,,,,,,,,,,,,,,
426,Leonardo Drone Contest 2021: Politecnico di Milano team architecture,2022,Real_World,,,,,,,,,,,,,,,,,,,,,,,
430,Drones Guiding Drones: Cooperative Navigation of a Less-Equipped Micro Aerial Vehicle in Cluttered Environments,2024,Real_World,,,,,,,,,,,,,,,,,,,,,,,
442,4G Enabled PhoneBot with Cloud based SLAM,2020,Real_World,,,,,,,,,,,,,,,,,,,,,,,
445,Towards autonomous landing on a moving vessel through fiducial markers,2017,Simulation,,,,,,,,,,,,,,,,,,,,,,,
453,A proposal for UAV clustering-based relative localization in GNSS-denied environments,2025,Real_World,,,,,,,,,,,,,,,,,,,,,,,
455,Airborne-Relay-based Algorithm for Locating Crashed UAVs in GPS-Denied Environments,2019,Simulation,,,,,,,,,,,,,,,,,,,,,,,
465,"Employing an Embedded Renderer as Recognition Tool for Odometry, Map-Building, Navigation, and Localization on Active Sensing Robotics",2024,Simulation,,,,,,,,,,,,,,,,,,,,,,,
468,Indoor navigation algorithm for mobile robot using wireless sensor networks,2017,Real_World,,,,,,,,,,,,,,,,,,,,,,,
471,Gaussian Process Regression for Improved Underwater Navigation,2025,Real_World,,,,,,,,,,,,,,,,,,,,,,,
473,Towards a model of UAVs navigation in urban canyon through defeasible logic,2013,Real_World,,,,,,,,,,,,,,,,,,,,,,,
475,P2P-DroneLoc: Peer-to-Peer Localization for GPS-Denied Drones using Camera and WiFi Fine Time Measurement,2022,Real_World,,,,,,,,,,,,,,,,,,,,,,,
481,An Onboard Transformer-Based Physics-Informed System for UAV Trajectory Prediction and State Classification in GNSS-Denied Environments,2026,Real_World,,,,,,,,,,,,,,,,,,,,,,,
486,Visual odometry using optic flow for Unmanned Aerial Vehicles,2015,Real_World,,,,,,,,,,,,,,,,,,,,,,,
487,Photometric-Planner for Visual Path Following,2021,Real_World,,,,,,,,,,,,,,,,,,,,,,,
491,Autonomous indoor navigation of low-cost quadcopters,2015,Real_World,,,,,,,,,,,,,,,,,,,,,,,
494,Joint placement and communication optimization of uav base stations in GPS-denied environments,2024,Simulation,,,,,,,,,,,,,,,,,,,,,,,
498,A Tightly Coupled Polarization Compass and VIO Integrated Navigation for Applications in GNSS-denied environments,2022,Simulation,,,,,,,,,,,,,,,,,,,,,,,
504,An inexpensive method for evaluating the localization performance of a mobile robot navigation system,2014,Real_World,,,,,,,,,,,,,,,,,,,,,,,
512,Improvement of altitude precision in indoor and urban canyon navigation for small flying vehicles,2015,Real_World,,,,,,,,,,,,,,,,,,,,,,,
513,Intelligent Visual Navigation System of High Accuracy,2019,Real_World,,,,,,,,,,,,,,,,,,,,,,,
515,Extended Range AUV Localization and Navigation Aided by Gravity Anomalies and Bathymetry,2020,Real_World,,,,,,,,,,,,,,,,,,,,,,,
521,Multistage Learning-Based Fusion Framework for Autonomous Vehicle Localization in GNSS-Denied Environments,2025,Real_World,,,,,,,,,,,,,,,,,,,,,,,
522,An Improved Extended Kalman Filter for UAV Localization in UWB Navigation System,2023,Simulation,,,,,,,,,,,,,,,,,,,,,,,
525,Observability Analysis and Optimization of Cooperative Navigation System With a Low-Cost Inertial Sensor Array,2023,Simulation,,,,,,,,,,,,,,,,,,,,,,,
527,Low-SWaP GNSS-denied Navigation using LTE Signals of Opportunity,2025,Real_World,,,,,,,,,,,,,,,,,,,,,,,
529,Enhancing the UAV Localization Accuracy by Removing False Matches Using Affine Consistency,2024,Real_World,,,,,,,,,,,,,,,,,,,,,,,
530,Cooperative Localization of a GPS-Denied UAV Using Direction-of-Arrival Measurements,2020,Simulation,,,,,,,,,,,,,,,,,,,,,,,
533,An Integrated GNSS/LiDAR-SLAM Pose Estimation Framework for Large-Scale Map Building in Partially GNSS-Denied Environments,2021,Real_World,,,,,,,,,,,,,,,,,,,,,,,
534,Integrated UWB-Vision Approach for Autonomous Docking of UAVs in GPS-denied Environments,2019,Real_World,,,,,,,,,,,,,,,,,,,,,,,
539,Indoor positioning and navigation for micro UAV drones — Work in progress,2012,Real_World,,,,,,,,,,,,,,,,,,,,,,,
540,High Precision Indoor Navigation for Autonomous Vehicles,2019,Real_World,,,,,,,,,,,,,,,,,,,,,,,
549,EKF-Based Fusion of Wi-Fi/LiDAR/IMU for Indoor Localization and Navigation,2025,Real_World,,,,,,,,,,,,,,,,,,,,,,,
559,Recent Advances in SLAM for Degraded Environments: A Review,2025,Real_World,,,,,,,,,,,,,,,,,,,,,,,
563,Architecture and design considerations for an autonomous mobile robot,2021,Real_World,,,,,,,,,,,,,,,,,,,,,,,
564,Devising Overtraining Curriculum Learning Techniques to Enhance Autonomous Navigation Reinforcement Learning,2023,Real_World,,,,,,,,,,,,,,,,,,,,,,,
565,Map data representation for indoor navigation a design framework towards a construction of indoor map,2016,Real_World,,,,,,,,,,,,,,,,,,,,,,,
572,GNSS-Independent Navigation of UAV through Utilization of Sensor Fusion and Intelligence System,2022,Real_World,,,,,,,,,,,,,,,,,,,,,,,
586,Development of a 3D-Printed Differential-Drive Mobile Robot with ROS 2,2026,Real_World,,,,,,,,,,,,,,,,,,,,,,,
590,Extended Kalman Filter for indoor and outdoor localization of a wheeled mobile robot,2016,Real_World,,,,,,,,,,,,,,,,,,,,,,,
592,YO-VIO: Robust Multi-Sensor Semantic Fusion Localization in Dynamic Indoor Environments,2021,Real_World,,,,,,,,,,,,,,,,,,,,,,,
599,Indoor Navigation Based on Global and Local Path Planning for Wheeled Mobile Robot in Airport,2018,Simulation,,,,,,,,,,,,,,,,,,,,,,,
606,Semantic Mapping Based on ORB-SLAM and YOLO in Indoor Scenes,2023,Real_World,,,,,,,,,,,,,,,,,,,,,,,
616,Novel method for underwater navigation aiding using a companion underwater robot as a guiding platforms,2013,Real_World,,,,,,,,,,,,,,,,,,,,,,,
618,Long-Term Localization Method Integrated With Voxel Mapping LiDAR Odometry and Adaptive Updating Map in Diverse Environment,2025,Real_World,,,,,,,,,,,,,,,,,,,,,,,
621,Routing unmanned vehicles in GPS-denied environments,2017,Simulation,,,,,,,,,,,,,,,,,,,,,,,
623,Thermal-LiDAR Fusion for Robust Tunnel Localization in GNSS-Denied and Low-Visibility Conditions,2025,Real_World,,,,,,,,,,,,,,,,,,,,,,,
625,A method to LRF noise filtering for the transparent obstacle in mobile robot indoor navigation environment with straight glass wall,2016,Real_World,,,,,,,,,,,,,,,,,,,,,,,
628,Pair-Navi: Peer-to-Peer Indoor Navigation with Mobile Visual SLAM,2019,Real_World,,,,,,,,,,,,,,,,,,,,,,,
629,Vehicle Inertial Localization With Adaptive Noise Estimation and Pseudo-Measurement Constraints in GNSS-Denied Environment,2025,Real_World,,,,,,,,,,,,,,,,,,,,,,,
632,Acouhouse: An Acoustic Lighthouses System to Enable Underwater Navigation,2025,Real_World,,,,,,,,,,,,,,,,,,,,,,,
633,Survey on Algorithms and Techniques for Indoor Navigation Systems,2018,Real_World,,,,,,,,,,,,,,,,,,,,,,,
639,A Vision-Based Approach to Autonomous Landing of an eVTOL Aircraft in GPS-Denied Environments,2023,Real_World,,,,,,,,,,,,,,,,,,,,,,,
653,An efficient UAV navigation solution for confined but partially known indoor environments,2014,Real_World,,,,,,,,,,,,,,,,,,,,,,,
657,EKF-LOAM: An Adaptive Fusion of LiDAR SLAM With Wheel Odometry and Inertial Data for Confined Spaces With Few Geometric Features,2022,Both,,,,,,,,,,,,,,,,,,,,,,,
659,Fast Swarming of UAVs in GNSS-Denied Feature-Poor Environments Without Explicit Communication,2024,Real_World,,,,,,,,,,,,,,,,,,,,,,,
661,Combining Remote and In-situ Sensing for Autonomous Underwater Vehicle Localization and Navigation,2022,Real_World,,,,,,,,,,,,,,,,,,,,,,,
665,Separated Sonar Localization System for Indoor Robot Navigation,2021,Both,,,,,,,,,,,,,,,,,,,,,,,
670,A low-cost indoor and outdoor terrestrial autonomous navigation model,2014,Real_World,,,,,,,,,,,,,,,,,,,,,,,
673,Towards a Low-Cost Robot Navigation Approach based on a RGB-D Sensor Network,2022,Real_World,,,,,,,,,,,,,,,,,,,,,,,
678,Inside Bridges: Autonomous Crack Inspection with Nano UAVs in GNSS-Denied Environments,2024,Real_World,,,,,,,,,,,,,,,,,,,,,,,
685,Study on the effective visual navigation for an alife mobile robot,2011,Real_World,,,,,,,,,,,,,,,,,,,,,,,
691,An autonomous ground explorer utilizing a vision-based approach to indoor navigation,2011,Real_World,,,,,,,,,,,,,,,,,,,,,,,
692,A High Accuracy and Large-Scale Detection for Fixed-Wing UAV Autonomous Ground Landing With GNSS-Denied,2025,Real_World,,,,,,,,,,,,,,,,,,,,,,,
694,UWB and IMU System Fusion for Indoor Navigation,2018,Real_World,,,,,,,,,,,,,,,,,,,,,,,
701,Vision-Based Autonomous Drone Navigation Using Deep Reinforcement Learning,2026,Real_World,,,,,,,,,,,,,,,,,,,,,,,
706,Towards Robust UAV Tracking in GNSS-Denied Environments: A Multi-LiDAR Multi-UAV Dataset,2023,Real_World,,,,,,,,,,,,,,,,,,,,,,,
707,Precision Positioning for Smart Logistics Using Ultra-Wideband Technology-Based Indoor Navigation: A Review,2022,Real_World,,,,,,,,,,,,,,,,,,,,,,,
708,Target Circumnavigation of Mobile Robots in GPS-Denied Environments,2024,Simulation,,,,,,,,,,,,,,,,,,,,,,,
709,Lidar-mmW Radar Fusion for Safer UGV Autonomous Navigation with Collision Avoidance,2023,Real_World,,,,,,,,,,,,,,,,,,,,,,,
711,A Local-observation-based Safe Autonomous Navigation Approach in an Unknown Environment,2023,Simulation,,,,,,,,,,,,,,,,,,,,,,,
717,An Indoor Navigation System for Autonomous Shopping Cart,2025,Real_World,,,,,,,,,,,,,,,,,,,,,,,
723,Flight Test Evaluation of a LIDAR/inertial Navigator for Autonomous Drone Operations in GNSS-denied Urban Environments,2025,Real_World,,,,,,,,,,,,,,,,,,,,,,,
727,Closed-Loop Benchmarking of Stereo Visual-Inertial SLAM Systems: Understanding the Impact of Drift and Latency on Tracking Accuracy,2020,Simulation,,,,,,,,,,,,,,,,,,,,,,,
729,Communication-Free Formation Flight Control for Autonomous Fixed-Wing UAVs in GNSS-denied environments,2024,Simulation,,,,,,,,,,,,,,,,,,,,,,,
740,LiDAR-Based Autonomous Docking System for Uncooperative Vessels in GNSS-Denied Environments Using a Size-Adaptive Dubins Path,2026,Real_World,,,,,,,,,,,,,,,,,,,,,,,
749,Document image analysis by a mobile robot for autonomous indoor navigation,2015,Real_World,,,,,,,,,,,,,,,,,,,,,,,
761,Comparative analysis of zero order Sugeno and Mamdani fuzzy logic controllers for obstacle avoidance behavior in mobile robot navigation,2011,Real_World,,,,,,,,,,,,,,,,,,,,,,,
768,Design and Deployment of an Autonomous Unmanned Ground Vehicle for Urban Firefighting Scenarios,2021,Real_World,,,,,,,,,,,,,,,,,,,,,,,
769,Pose-Graph Based Multi-sensor Fusion for Indoor Mobile Robot Localization and Mapping,2026,Real_World,,,,,,,,,,,,,,,,,,,,,,,
771,Ultrasonic local positioning system for mobile robot navigation: From low to high level processing,2015,Real_World,,,,,,,,,,,,,,,,,,,,,,,
776,WBF-PS: WiGig Beam Fingerprinting for UAV Positioning System in GPS-denied Environments,2020,Real_World,,,,,,,,,,,,,,,,,,,,,,,
778,LiDAR-Visual-Inertial Fusion Architectures for GNSS-Resilient Aerial Navigation: Performance Assessment,2025,Simulation,,,,,,,,,,,,,,,,,,,,,,,
779,"AerialVL: A Dataset, Baseline and Algorithm Framework for Aerial-Based Visual Localization With Reference Map",2024,Real_World,,,,,,,,,,,,,,,,,,,,,,,
784,ESP32-Driven Real-Time Indoor Localization Using Wi-Fi RSSI and a Simple Path Loss Model,2025,Real_World,,,,,,,,,,,,,,,,,,,,,,,
786,Experimental demonstration of self-localized Ultra Wideband indoor mobile robot navigation system,2010,Real_World,,,,,,,,,,,,,,,,,,,,,,,
790,Ultra-wideband Received Signal Strength Analysis for UAV Indoor NLOS Navigation,2023,Real_World,,,,,,,,,,,,,,,,,,,,,,,
794,Improving Visual Inertial Odometry with UWB Positioning for UAV Indoor Navigation,2022,Real_World,,,,,,,,,,,,,,,,,,,,,,,
801,A Jamming Aware Artificial Potential Field Method to Counter GPS Jamming for Unmanned Surface Ship Path Planning,2023,Simulation,,,,,,,,,,,,,,,,,,,,,,,
804,Bio-Inspired Approach for Long-Range Underwater Navigation Using Model Predictive Control,2021,Simulation,,,,,,,,,,,,,,,,,,,,,,,
811,An Indoor Navigation Control Strategy for a Brain-Actuated Mobile Robot,2018,Real_World,,,,,,,,,,,,,,,,,,,,,,,
817,A Simple and Parallel Algorithm for Real-Time Robot Localization by Fusing Monocular Vision and Odometry/AHRS Sensors,2014,Simulation,,,,,,,,,,,,,,,,,,,,,,,
823,Introducing a novel vision based obstacle avoidance technique for navigation of autonomous mobile robots,2015,Simulation,,,,,,,,,,,,,,,,,,,,,,,
831,Robust Lidar-Based Localization Scheme for Unmanned Ground Vehicle via Multisensor Fusion,2021,Real_World,,,,,,,,,,,,,,,,,,,,,,,
841,Integrated navigation system using camera and gimbaled laser scanner for indoor and outdoor autonomous flight of UAVs,2013,Real_World,,,,,,,,,,,,,,,,,,,,,,,
845,A Three-Point Calibration Method for DVL Errors in Underwater Navigation,2026,Simulation,,,,,,,,,,,,,,,,,,,,,,,
848,"Perception, Guidance, and Navigation for Indoor Autonomous Drone Racing Using Deep Learning",2018,Real_World,,,,,,,,,,,,,,,,,,,,,,,
851,Combining line segments and points for appearance-based indoor navigation by image based visual servoing,2017,Real_World,,,,,,,,,,,,,,,,,,,,,,,
861,"The MagPIE2 Dataset for Mapping, Localization, and Simultaneous Localization and Mapping Using Magnetic Fields",2026,Real_World,,,,,,,,,,,,,,,,,,,,,,,
868,Altitude Prediction Method Using CNN-LSTM for GNSS/INS/Barometer Integrated Navigation During GNSS Outages,2025,Simulation,,,,,,,,,,,,,,,,,,,,,,,
876,Autonomous Quadrotor Navigation Using LiDAR SLAM and Adaptive Tree-Based Path Planning in Simulation,2024,Both,,,,,,,,,,,,,,,,,,,,,,,
891,SLAM based adaptive navigation of AUVs for oil spill cleaning,2014,Real_World,,,,,,,,,,,,,,,,,,,,,,,
899,Applying and Exploring Supervised Contrastive Regression for Vision-Based Steering Prediction,2023,Real_World,,,,,,,,,,,,,,,,,,,,,,,
901,Deep Neural Network Based Inertial Odometry Using Low-Cost Inertial Measurement Units,2021,Real_World,,,,,,,,,,,,,,,,,,,,,,,
908,Path planning in GPS-denied environments: A collective intelligence approach,2015,Real_World,,,,,,,,,,,,,,,,,,,,,,,
909,Deep Network Uncertainty Maps for Indoor Navigation,2019,Real_World,,,,,,,,,,,,,,,,,,,,,,,
910,A Mobile Robot with the Functions of Visual Navigation and Digital Identification,2022,Real_World,,,,,,,,,,,,,,,,,,,,,,,
917,Robot Navigation: Contrastive Learning of DistilBERT-Based Semantic Embeddings for Scene Understanding,2025,Real_World,,,,,,,,,,,,,,,,,,,,,,,
926,The Cloudlet MEC Enabling ISAR Based Indoor Localization and Navigation System Using Passive UHF RFID,2021,Real_World,,,,,,,,,,,,,,,,,,,,,,,
931,Pedestrian Navigation Using Waist-Mounted IMU and RTK,2025,Real_World,,,,,,,,,,,,,,,,,,,,,,,
936,A Robust Graph-Based Bathymetric Simultaneous Localization and Mapping Approach for AUVs,2024,Real_World,,,,,,,,,,,,,,,,,,,,,,,
942,A Positioning Error Correction Method for Dead-Reckoning Navigation of Underwater Vehicles,2025,Simulation,,,,,,,,,,,,,,,,,,,,,,,
944,Trajectory based fuzzy controller for indoor navigation,2011,Real_World,,,,,,,,,,,,,,,,,,,,,,,
949,On reliability of data transmission and distance estimation using mobile underwater acoustic modems,2018,Real_World,,,,,,,,,,,,,,,,,,,,,,,
951,PSS-LIO A Computationally Efficient LiDAR-Inertial Odometry Framework for UAV Building Inspection via Geometric Predictability and Structure Prior Learning,2026,Real_World,,,,,,,,,,,,,,,,,,,,,,,
952,Measurement Based Identification of MPCs in an Urban Drone-to-Drone Propagation Scenario,2022,Real_World,,,,,,,,,,,,,,,,,,,,,,,
958,A Real-Time Autonomous Gravity Measurement Method for Underwater Gravity-Aided Navigation,2023,Simulation,,,,,,,,,,,,,,,,,,,,,,,
960,Cooperative Visual Inertial Odometry for Heterogeneous Swarm of Drones Navigating in Noisy Environments,2022,Simulation,,,,,,,,,,,,,,,,,,,,,,,
962,SIGNAV: Semantically-Informed GPS-Denied Navigation and Mapping in Visually-Degraded Environments,2022,Real_World,,,,,,,,,,,,,,,,,,,,,,,
970,Multi-Sensor Fusion–Based Localization Method for Underwater Autonomous Vehicles,2026,Real_World,,,,,,,,,,,,,,,,,,,,,,,
971,Smart Wheelchair to Facilitate Disabled Individuals,2019,Real_World,,,,,,,,,,,,,,,,,,,,,,,
976,CNN-LiDAR-SLAM: Multimodal Fusion With Object Detection for Indoor Localization,2025,Real_World,,,,,,,,,,,,,,,,,,,,,,,
977,Underwater navigation: LiDAR sensing in water to 9 m distance through semi-transparent obstacles,2022,Real_World,,,,,,,,,,,,,,,,,,,,,,,
983,Real-Time Velocity and Hovering Control for Rotorcraft Based on Visual State Estimation,2021,Real_World,,,,,,,,,,,,,,,,,,,,,,,
985,A Benchmark of Absolute and Relative Positioning Solutions in GNSS Denied Environments,2024,Real_World,,,,,,,,,,,,,,,,,,,,,,,
989,Covariance and Gain-based Federated Unscented Kalman Filter for Acoustic-Visual-Inertial Underwater Navigation,2021,Real_World,,,,,,,,,,,,,,,,,,,,,,,
992,A Vertical Channel-Enhanced Fusion Method Based on RINS and Barometric Altimeter for UAVs in GNSS Denial Environments,2023,Simulation,,,,,,,,,,,,,,,,,,,,,,,
993,"Fast, autonomous flight in GPS-denied and cluttered environments",2018,Real_World,,,,,,,,,,,,,,,,,,,,,,,
997,Autonomous Flight for Multi-UAV in GPS-Denied Environment,2023,Real_World,,,,,,,,,,,,,,,,,,,,,,,
1002,An integrated UAV navigation system based on geo-registered 3D point cloud,2017,Simulation,,,,,,,,,,,,,,,,,,,,,,,
1004,A Robust Localization Solution for an Uncrewed Ground Vehicle in Unstructured Outdoor GNSS-Denied Environments,2023,Real_World,,,,,,,,,,,,,,,,,,,,,,,
1011,Real-time unmanned aerial system (UAS) based interference localization in a GNSS denied environment,2019,Simulation,,,,,,,,,,,,,,,,,,,,,,,
1017,A Real-Time Simulator for Navigation in GNSS-Denied Environments of UAV Swarms,2023,Simulation,,,,,,,,,,,,,,,,,,,,,,,
1018,OPsCV: A Robust Framework for Aerial Navigation under Global Positioning System Denied Conditions,2026,Real_World,,,,,,,,,,,,,,,,,,,,,,,
1019,Multi-Sensor Fusion SLAM for Interceptor UAVs in GNSS-Denied Environments: A Review,2026,Both,,,,,,,,,,,,,,,,,,,,,,,
1020,R-LVIO: Resilient LiDAR-Visual-Inertial Odometry for UAVs in GNSS-denied Environment,2024,Real_World,,,,,,,,,,,,,,,,,,,,,,,
1044,Magnetometer-based enhanced visual-inertial odometry for reliable long-range navigation in GNSS-denied high-altitude environment,2026,Real_World,,,,,,,,,,,,,,,,,,,,,,,
1046,A UAV scene matching method based on triplet relationship and sliding mode control for GPS-denied environments,2026,Real_World,,,,,,,,,,,,,,,,,,,,,,,
1052,Seamless navigation and mapping using an INS/GNSS/grid-based SLAM semi-tightly coupled integration scheme,2019,Real_World,,,,,,,,,,,,,,,,,,,,,,,
1055,An Autonomously Navigation System for Forestry Quadrotor within GPS-denied Below-canopy Environment,2018,Real_World,,,,,,,,,,,,,,,,,,,,,,,
1064,Autonomous Navigation for Micro Aerial Vehicles in Complex GNSS-denied Environments,2016,Real_World,,,,,,,,,,,,,,,,,,,,,,,
1069,UAV–UGV Collaborative Localization in GNSS-Denied Large-Scale Environments: An Anchor-Free VIO–UWB Fusion with Adaptive Weighting and Outlier Suppression,2026,Real_World,,,,,,,,,,,,,,,,,,,,,,,
1070,Hybrid Machine Learning VDM for UAVs in GNSS-denied Environment,2018,Real_World,,,,,,,,,,,,,,,,,,,,,,,
1072,Aerial and ground robot collaboration for autonomous mapping in search and rescue missions,2020,Real_World,,,,,,,,,,,,,,,,,,,,,,,
1076,Robotic inspection of vertical surfaces in GNSS-denied environments,2026,Real_World,,,,,,,,,,,,,,,,,,,,,,,
1080,Adaptive neural pose regression enabled by updatable graphics-based digital twin for robust UAV localization in GPS-denied civil infrastructure,2026,Real_World,,,,,,,,,,,,,,,,,,,,,,,
1083,GNSS-Denied UAV Terrain Matching Navigation Based on the Autoencoder Network with Contrastive Learning,2026,Real_World,,,,,,,,,,,,,,,,,,,,,,,
1086,Vision-based Relative Navigation and Drone Swarming Control for Inspection in GPS-denied Environment,2024,Real_World,,,,,,,,,,,,,,,,,,,,,,,
1092,Efficient SLAM Algorithm Based on Quaternions for Real-Time Navigation of Unmanned Aerial Vehicles,2026,Real_World,,,,,,,,,,,,,,,,,,,,,,,
1093,Landmark-Based Multi-sensor Fusion SLAM Algorithm for Autonomous Positioning in GNSS-Denied Environments,2025,Real_World,,,,,,,,,,,,,,,,,,,,,,,
1105,3D SCENE RECONSTRUCTION AND PATH PLANNING METHOD FOR UAV IN GNSS-DENIED ENVIRONMENT,2022,Real_World,,,,,,,,,,,,,,,,,,,,,,,
1106,Adaptive Particle Filter-Neural Network Fusion for Cooperative Localization of Multi-UAV Systems in GNSS-Denied Indoor Environments,2026,Simulation,,,,,,,,,,,,,,,,,,,,,,,
1108,A collaborative navigation algorithm for UAV Ad Hoc network based on improved sequence quadratic programming and unscented Kalman filtering in GNSS denied area,2025,Simulation,,,,,,,,,,,,,,,,,,,,,,,
1113,Towards UAV Localization in GNSS-Denied Environments: The SatLoc Dataset and a Hierarchical Adaptive Fusion Framework,2025,Real_World,,,,,,,,,,,,,,,,,,,,,,,
1116,Development of a Visual SLAM-Based Autonomous UAV System for Greenhouse Plant Monitoring,2026,Real_World,,,,,,,,,,,,,,,,,,,,,,,
1119,A Low-Cost Experimental Quadcopter Drone Design for Autonomous Search-and-Rescue Missions in GNSS-Denied Environments,2025,Real_World,,,,,,,,,,,,,,,,,,,,,,,
1123,A Novel Scene-Matching Positioning Approach for Low-Altitude UAVs Considering Elevation Differences in Satellite Images,2026,Real_World,,,,,,,,,,,,,,,,,,,,,,,
1125,Flight in GPS-denied environment: Autonomous navigation system for micro-aerial vehicle,2022,Real_World,,,,,,,,,,,,,,,,,,,,,,,
1134,A Decision-Making Framework for Autonomous Aerial Vehicles in Responding to GPS Loss,2026,Real_World,,,,,,,,,,,,,,,,,,,,,,,
1137,"Integrated guidance, navigation, and control system for a UAV in a GPS denied environment",2018,Simulation,,,,,,,,,,,,,,,,,,,,,,,
1149,Simultaneous Localization and Mapping using Sensor Fusion for UAV Navigation in GPS-Denied Environments,2026,Simulation,,,,,,,,,,,,,,,,,,,,,,,
1152,An Online Solution of LiDAR Scan Matching Aided Inertial Navigation System for Indoor Mobile Mapping,2017,Real_World,,,,,,,,,,,,,,,,,,,,,,,
1154,A Generic Plug and Play Navigation Fusion Strategy for Land Vehicles in GNSS Denied Environment,2019,Real_World,,,,,,,,,,,,,,,,,,,,,,,
1155,Relative Navigation of UAV Swarm in a GPS Denied Environment1,2023,Simulation,,,,,,,,,,,,,,,,,,,,,,,
1159,GPS-Denied Navigation Aided by Synthetic Aperture Radar Using the Range-Doppler Algorithm,2022,Real_World,,,,,,,,,,,,,,,,,,,,,,,
1160,Towards Large-Scale Relative Localization in Multi-Robot Systems with Dynamic UWB Role Allocation,2022,Real_World,,,,,,,,,,,,,,,,,,,,,,,
1164,Lightweight and accurate infrared rangefinder-fused LiDAR-inertial localization for UAV-based bridge inspection in GPS-denied environments,2026,Real_World,,,,,,,,,,,,,,,,,,,,,,,
1168,Self-localization of tethered drones without a cable force sensor in GPS-denied environments,2021,Simulation,,,,,,,,,,,,,,,,,,,,,,,
1169,AI-Enhanced Thermal–Visual–Inertial Odometry and Autonomous Planning for GPS-Denied Search-and- Rescue Robotics,2026,Real_World,,,,,,,,,,,,,,,,,,,,,,,
1171,"LiDAR-Based Multi-Modal UAV Navigation Dataset for Robust Benchmarking in Complex-Structured, GNSS-Denied Industrial Environments",2026,Real_World,,,,,,,,,,,,,,,,,,,,,,,
1178,Aerial-Ground Robots Collaborative 3D Mapping in GNSS-Denied Environments,2022,Real_World,,,,,,,,,,,,,,,,,,,,,,,
1179,"A comparison of SWaP-limited, visual-inertial odometry systems for GPS-denied navigation",2020,Real_World,,,,,,,,,,,,,,,,,,,,,,,
1183,Co-Operatively Increasing Smoothing and Mapping Based on Switching Function,2024,Simulation,,,,,,,,,,,,,,,,,,,,,,,
1188,GPS-Denied State Estimation for Blue/NDAA Unmanned Multi-Rotor Vehicles,2023,Real_World,,,,,,,,,,,,,,,,,,,,,,,
1193,Adaptive Navigation Strategy for Low-Cost IMU-Assisted Vehicles in GNSS-Denied Traffic Environment,2025,Real_World,,,,,,,,,,,,,,,,,,,,,,,
1199,Dependable navigation in GPS denied environment: A multi-sensor fusion technique,2013,Real_World,,,,,,,,,,,,,,,,,,,,,,,
1202,LiDAR-based 3D SLAM for autonomous navigation in stacked cage farming houses: An evaluation,2025,Simulation,,,,,,,,,,,,,,,,,,,,,,,
1208,Energy-Aware Adaptive Communication Topology with Edge-AI Navigation for UAV Swarms in GNSS-Denied Environments,2026,Simulation,,,,,,,,,,,,,,,,,,,,,,,
1210,"Experiments in Fast, Autonomous, GPS-Denied Quadrotor Flight",2018,Real_World,,,,,,,,,,,,,,,,,,,,,,,
1213,Laser-aided navigation with loop closure capabilities for Micro Aerial Vehicles in indoor and urban environments,2014,Real_World,,,,,,,,,,,,,,,,,,,,,,,
1217,Vision based UAS navigation for RFI localization,2018,Simulation,,,,,,,,,,,,,,,,,,,,,,,
1220,Absolute velocity estimation of UAVs based on phase correlation and monocular vision in unknown GNSS-denied environments,2024,Both,,,,,,,,,,,,,,,,,,,,,,,
1227,A hybrid localization approach for UAV in GPS denied areas,2011,Real_World,,,,,,,,,,,,,,,,,,,,,,,
1228,An auto-landing strategy based on pan-tilt based visual servoing for unmanned aerial vehicle in GNSS-denied environments,2021,Simulation,,,,,,,,,,,,,,,,,,,,,,,
1230,ALM-LED: autonomous LiDAR mapping in underground space with Luojia explorer anti-collision drone,2025,Both,,,,,,,,,,,,,,,,,,,,,,,
1233,Tightly-Coupled Air-Ground Collaborative System for Autonomous UGV Navigation in GPS-Denied Environments,2025,Real_World,,,,,,,,,,,,,,,,,,,,,,,
1235,Autonomous Positioning System for UAV Scene Matching Under GNSS-Denied Environments,2026,Real_World,,,,,,,,,,,,,,,,,,,,,,,
1250,Long-Distance GNSS-Denied Visual Inertial Navigation for Autonomous Fixed-Wing Unmanned Air Vehicles: SO(3) Manifold Filter Based on Virtual Vision Sensor,2023,Simulation,,,,,,,,,,,,,,,,,,,,,,,
1251,Reinforcement learning based UAV formation control in GPS-denied environment,2023,Real_World,,,,,,,,,,,,,,,,,,,,,,,
1253,Real-Time Autonomous UAV Navigation with SLAM-Based Mapping and Direction-Oriented Exploration in Forest-like GNSS-Denied Scenarios,2026,Both,,,,,,,,,,,,,,,,,,,,,,,
1254,Sensor Selection Tradeoff for Robust C-SLAM in UAV Swarm Systems for Indoor Navigation,2025,Real_World,,,,,,,,,,,,,,,,,,,,,,,
1269,Advanced Air Mobility Safety Challenges: Case Study on Visual SLAM for Enhanced Navigation in Unmanned Aviation Integration,2026,Real_World,,,,,,,,,,,,,,,,,,,,,,,
1278,Vision-based SLAM system for small UAVs in GPS-denied environments,2012,Real_World,,,,,,,,,,,,,,,,,,,,,,,
1282,A Lidar-Inertial Navigation System for UAVs in GNSS-Denied Environment with Spatial Grid Structures,2023,Real_World,,,,,,,,,,,,,,,,,,,,,,,
1295,Digital Twin Approach for Drift-Free UAV Localization in GPS-Denied Environments,2026,Real_World,,,,,,,,,,,,,,,,,,,,,,,
1296,A novel initialization method for monocular visual inertial navigation,2023,Real_World,,,,,,,,,,,,,,,,,,,,,,,
1298,Cooperative Localization for GNSS-Denied Subterranean Navigation: A UAV–UGV Team Approach,2024,Real_World,,,,,,,,,,,,,,,,,,,,,,,
1299,Cascade-structured Visual-Inertial Navigation System for Aerial Imaginary,2024,Real_World,,,,,,,,,,,,,,,,,,,,,,,
1304,Formation-Constrained Cooperative Localization for UAV Swarms in GNSS-Denied Environments,2026,Simulation,,,,,,,,,,,,,,,,,,,,,,,
1305,Evaluation of the Benefits of Zero Velocity Update in Decentralized Extended Kalman Filter-Based Cooperative Localization Algorithms for GNSS-Denied Multi-Robot Systems,2023,Both,,,,,,,,,,,,,,,,,,,,,,,
1319,Design and implementation of an autonomous electric vehicle for self‐driving control under gnss‐denied environments,2021,Simulation,,,,,,,,,,,,,,,,,,,,,,,
1323,Robust and accurate deterministic visual odometry,2020,Real_World,,,,,,,,,,,,,,,,,,,,,,,
1346,Tag-based visual-inertial localization of unmanned aerial vehicles in indoor construction environments using an on-manifold extended Kalman filter,2022,Simulation,,,,,,,,,,,,,,,,,,,,,,,
1351,A UWB-AOA/IMU Integrated Navigation System for 6-DoF Indoor UAV Localization,2025,Both,,,,,,,,,,,,,,,,,,,,,,,
1367,Simulation and Experimental Evaluation of a Vehicle–Road Cooperative Positioning Method in Global Navigation Satellite Systems (GNSS)-Denied Environments,2026,Simulation,,,,,,,,,,,,,,,,,,,,,,,
1377,Ultra-Wideband-Based Precise Localization of Autonomous Vehicle in GPS-Denied Environments,2021,Real_World,,,,,,,,,,,,,,,,,,,,,,,
1378,Optical Flow Sensor/INS/Magnetometer Integrated Navigation System for MAV in GPS-Denied Environment,2016,Real_World,,,,,,,,,,,,,,,,,,,,,,,
1384,Combined laser and vision-aided inertial navigation for an indoor unmanned aerial vehicle,2014,Simulation,,,,,,,,,,,,,,,,,,,,,,,
1387,An Integrated RF Sensor Design for Anchor-Free Collaborative Localization in GNSS-Denied Environments,2025,Real_World,,,,,,,,,,,,,,,,,,,,,,,
1391,Rapid development methodology of agricultural robot navigation system working in GNSS-denied environment,2023,Simulation,,,,,,,,,,,,,,,,,,,,,,,
1399,Adaptive Texture-Aware Pixel Selection for Robust Direct Visual Odometry in UAV Navigation,2026,Real_World,,,,,,,,,,,,,,,,,,,,,,,
1400,Indoor SLAM for micro aerial vehicles using visual and laser sensor fusion,2016,Real_World,,,,,,,,,,,,,,,,,,,,,,,
1402,Oxpecker: A Tethered UAV for Inspection of Stone-Mine Pillars,2023,Real_World,,,,,,,,,,,,,,,,,,,,,,,
1420,SLAM technology in unmanned aerial vehicle,2024,Real_World,,,,,,,,,,,,,,,,,,,,,,,
1423,A robust real-time vision based GPS-denied navigation system of UAV,2016,Real_World,,,,,,,,,,,,,,,,,,,,,,,
1433,UAV autonomous localization using macro-features matching with a CAD model,2020,Simulation,,,,,,,,,,,,,,,,,,,,,,,
1434,"Design, Localization, Perception, and Control for GPS-Denied Autonomous Aerial Grasping and Harvesting",2024,Real_World,,,,,,,,,,,,,,,,,,,,,,,
1441,A semantic vector map-based approach for aircraft positioning in GNSS/GPS denied large-scale environment,2024,Real_World,,,,,,,,,,,,,,,,,,,,,,,
1458,LSVL: Large-scale season-invariant visual localization for UAVs,2023,Real_World,,,,,,,,,,,,,,,,,,,,,,,
1461,Indoor GPS-denied context based SLAM aided guidance for autonomous unmanned aerial systems,2013,Real_World,,,,,,,,,,,,,,,,,,,,,,,
1491,Deep convolutional neural network based autonomous drone navigation,2020,Simulation,,,,,,,,,,,,,,,,,,,,,,,
1501,Ultra-Wideband Localization and Deep-Learning-Based Plant Monitoring Using Micro Air Vehicles,2022,Real_World,,,,,,,,,,,,,,,,,,,,,,,
1502,A UAV-based explore-then-exploit system for autonomous indoor facility inspection and scene reconstruction,2023,Real_World,,,,,,,,,,,,,,,,,,,,,,,
1503,"WAVN: Wide Area Visual Navigation for Large-scale, GPS-denied Environments",2023,Simulation,,,,,,,,,,,,,,,,,,,,,,,
1507,Information of Opportunity-Aided VI-SLAM for Enhancing Accuracy in Perpetual GNSS-Denied Environments Without Loop Closure,2026,Real_World,,,,,,,,,,,,,,,,,,,,,,,
1508,Online Multi-Sensor Calibration Method for Unmanned Surface Vehicle Swarms in Complex and Contested Environments,2026,Real_World,,,,,,,,,,,,,,,,,,,,,,,
1509,Radar Based Autonomous Precision Takeoff and Landing System for VTOLs in GNSS Denied Environments,2020,Real_World,,,,,,,,,,,,,,,,,,,,,,,
1516,ANROL: Autonomous Navigation based on ROS and Laser Odometry,2023,Real_World,,,,,,,,,,,,,,,,,,,,,,,
1518,Visual target tracking and relative navigation for unmanned aerial vehicles in a GPS-denied environment,2014,Real_World,,,,,,,,,,,,,,,,,,,,,,,
1526,Multimodal Absolute Visual Localization for Unmanned Aerial Vehicles,2024,Real_World,,,,,,,,,,,,,,,,,,,,,,,
1531,Indoor Drone Localization and Tracking Based on Acoustic Inertial Measurement,2024,Real_World,,,,,,,,,,,,,,,,,,,,,,,
1535,CODE: COllaborative Visual-UWB SLAM for Online Large-Scale Metric DEnse Mapping,2025,Both,,,,,,,,,,,,,,,,,,,,,,,
1558,Waypoint-Informed Localization (WiL): A Novel Integration of 2D Maps and Onboard Sensors for Robust GNSS-Denied Navigation,2026,Real_World,,,,,,,,,,,,,,,,,,,,,,,
1559,Lane detection aided online dead reckoning for gnss denied environments,2021,Real_World,,,,,,,,,,,,,,,,,,,,,,,
1579,"Fusing denoised stereo visual odometry, INS and GPS measurements for autonomous navigation in a tightly coupled approach",2021,Real_World,,,,,,,,,,,,,,,,,,,,,,,
1583,Autonomous Robust Navigation System for MAV Based on Monocular Cameras,2022,Real_World,,,,,,,,,,,,,,,,,,,,,,,
1586,Multi-vehicle Collaborative Navigation Method Based on Datalink Relative Distance in GNSS Denied Environment,2022,Simulation,,,,,,,,,,,,,,,,,,,,,,,
1594,UVL: UAV Visual Localization Method with Enhanced Feature Associations via Visual Attention Mechanism,2025,Real_World,,,,,,,,,,,,,,,,,,,,,,,
1599,Study of Utilizing Multiple IMUs for Inertial Navigation Systems without GPS Aid,2019,Simulation,,,,,,,,,,,,,,,,,,,,,,,
1615,An Optimization-Based Method for Relative Pose Estimation for Collaborating UAVs Using Observed Predefined Trajectories,2026,Both,,,,,,,,,,,,,,,,,,,,,,,
1616,Characterizing the Operating Envelope of an Anomaly-Aware Adaptive EKF for GNSS-Denied USV Formation Relative Localization,2026,Real_World,,,,,,,,,,,,,,,,,,,,,,,
1618,Performance comparison of inertial measurement units fused with odometry in extended Kalman filter for dead-reckoning navigation,2019,Real_World,,,,,,,,,,,,,,,,,,,,,,,
1624,Precision mapping through the stereo vision and geometric transformations in unknown environments,2023,Real_World,,,,,,,,,,,,,,,,,,,,,,,
1627,Disturbance-observer-based Finite-time Following Control With Wind Resistance Capability for Multiple GPS-denied UAVs,2025,Simulation,,,,,,,,,,,,,,,,,,,,,,,
1638,A GNSS/INS/LiDAR Integration Scheme for UAV-Based Navigation in GNSS-Challenging Environments,2022,Real_World,,,,,,,,,,,,,,,,,,,,,,,
1653,A Novel Scene Matching Algorithm via Deep Learning for Vision-based UAV Absolute Localization,2022,Real_World,,,,,,,,,,,,,,,,,,,,,,,
1656,Deep Learning-Based Navigation System for Automatic Landing Approach of Fixed-Wing UAVs in GNSS-Denied Environments,2025,Both,,,,,,,,,,,,,,,,,,,,,,,
1658,Rapid Initialization Method of Unmanned Aerial Vehicle Swarm Based on VIO-UWB in Satellite Denial Environment,2024,Simulation,,,,,,,,,,,,,,,,,,,,,,,
1659,Drone-in-a-Box: A Precise Indoor Autonomous Docking System,2026,Real_World,,,,,,,,,,,,,,,,,,,,,,,
1662,NLOS-Aware LiDAR–UWB Fusion Localization for UAV Inspection in Converter Valve Halls,2026,Simulation,,,,,,,,,,,,,,,,,,,,,,,
1663,Deep learning enabled localization for UAV autolanding,2021,Real_World,,,,,,,,,,,,,,,,,,,,,,,
1667,Autonomous Mapping and Navigation Unit for Aerial Robots,2025,Simulation,,,,,,,,,,,,,,,,,,,,,,,
1677,Use of Information From the Digital Elevation Model in Autonomous Air Navigation Based on Image Odometry,2024,Real_World,,,,,,,,,,,,,,,,,,,,,,,
1685,UWB/INS Positioning for USVs in Complex Environments: A Dual-LSTM Enhanced UKF Framework with Error Compensation,2026,Real_World,,,,,,,,,,,,,,,,,,,,,,,
1690,High Accuracy Robot Indoor Navigation Using Visible Light Positioning and LiDAR Fusion,2022,Real_World,,,,,,,,,,,,,,,,,,,,,,,
1698,Autonomous UAV navigation in post-disaster environments using ORB-SLAM,2026,Real_World,,,,,,,,,,,,,,,,,,,,,,,
1701,Development of an Indoor VIO-Based Navigation System for Unmanned Vehicles,2026,Real_World,,,,,,,,,,,,,,,,,,,,,,,
1703,VISION-BASED LOCALISATION FOR AUTONOMOUS AERIAL NAVIGATION IN GNSS-DENIED SITUATIONS,2022,Real_World,,,,,,,,,,,,,,,,,,,,,,,
1710,Autonomous marine navigation in Global Navigation Satellite System (GNSS) denied environments,2018,Real_World,,,,,,,,,,,,,,,,,,,,,,,
1711,A recovery system for SUAV operations in GPS-denied environments using timing advance measurements,2015,Simulation,,,,,,,,,,,,,,,,,,,,,,,
1716,Vision-based autonomous guidance approach for a nano unmanned aerial vehicle rotorcraft towards indoor flight environment,2020,Real_World,,,,,,,,,,,,,,,,,,,,,,,
