original,rec_id,status
3D_Path_Planning_for_Autonomous_UAV_Navigation_in_GPS-Denied_Environments.pdf,REC_0077,moved
An_Autonomous_Continuous_Positioning_Method_for_Low-Altitude_UAVs_Based_on_Image_Recognition_in_GNSS-Denied_Environments.pdf,REC_0195,moved
An_Onboard_Transformer-Based_Physics-Informed_System_for_UAV_Trajectory_Prediction_and_State_Classification_in_GNSS-Denied_Environments.pdf,REC_0481,moved
Autonomous_Localization_and_Navigation_for_Drones_Over_Rivers.pdf,REC_0644,moved
Autonomous_Navigation_in_GPS-Denied_Environments_Using_Visual_SLAM.pdf,REC_0003,moved
Autonomous_UAV_Pipeline_Landing_via_Depth-LiDAR_Fusion_in_GNSS-Denied_Refineries.pdf,REC_0713,moved
A_Multi-Sensor_Fusion_Framework_for_Unmanned_Aerial_Vehicle_UAV_Navigation_and_Inspection_in_GPS-Denied_and_Degraded_Environments.pdf,REC_0006,moved
A_Unified_Error-State_Kalman_Filtering_Framework_for_Multi-Sensor_Navigation_of_Fixed-Wing_UAVS_in_GNSS-Denied_Scenarios.pdf,REC_0218,moved
BIM-Assisted_UAV_Topological_Localization_and_Navigation_Method_for_GPS-Denied_Indoor_Environments.pdf,REC_0001,moved
Deep_Visual_Localization_for_UAVs_in_GNSS-Denied_Environments_Using_Satellite_Imagery.pdf,REC_0037,moved
Development_of_a_Simulated_UAV_Platform_for_Sensor-Fusion-Based_SLAM.pdf,REC_0289,moved
Digital_Twin_for_Drone_Indoor_Autonomous_Navigation.pdf,REC_0131,moved
Dust-Resilient_Autonomous_Navigation_and_Mapping_for_UAVs_in_GNSS-Denied_Underground_Tunnels.pdf,REC_0409,moved
Feature_3D_Gaussian_Splatting_for_UAV-to-Ship_Pose_Estimation_in_GNSS-Denied_Environments.pdf,REC_0816,moved
GPS-Denied_Drone_Navigation_via_Cross-Domain_Keypoint_Matching.pdf,REC_0840,moved
Indoor_Navigation_and_Attitude_Estimation_for_Uas_Using_Inertial_Sensors_and_Extended_Kalman_Filtering.pdf,REC_0537,moved
LD3DGS-SLAM_Long-Distance_Monocular_SLAM_With_3-D_Gaussian_Splatting_and_GNSS-Aided_Localization_for_UAVs.pdf,REC_0502,moved
Multi-UAV_Cooperative_Navigation_Based_on_Multisource_Information_Fusion_A_Review.pdf,REC_0388,moved
Navigation_Methods_for_UAVs_in_GNSS-Denied_Environments_Using_Artificial_Intelligence.pdf,REC_0278,moved
PSS-LIO_A_Computationally_Efficient_LiDAR-Inertial_Odometry_Framework_for_UAV_Building_Inspection_via_Geometric_Predictability_and_Structure_Prior_Learning.pdf,REC_0951,moved
Quantum-Enhanced_Drone_Swarm_Localization_in_GPS-Denied_Environment.pdf,REC_0013,moved
Quantum-Enhanced_Multi-Sensor_Fusion_for_UAV_Navigation_in_GPS-Denied_Environments.pdf,REC_0102,moved
Recent_Trends_Techniques_and_Applications_of_AI_Based_Autonomous_Drones.pdf,REC_0870,moved
Recursive_Extended_Finite-Memory_Positioning_Algorithm_for_Robust_UAV_Positioning_in_GNSS-Denied_Environment.pdf,REC_0705,moved
Reinforcement_Learning-Based_Autonomous_UAV_Navigation_in_Indoor_Environments_Towards_Human_Detection.pdf,REC_0652,moved
SIA-KalmanNet_A_Structurally_Integrated_Attention_Kalman_Filter_for_Multi-UAV_Localization_in_Partially_GNSS-Denied_Environments.pdf,REC_0211,moved
SwarmRaft_Leveraging_Consensus_for_Robust_Drone_Swarm_Coordination_in_GNSS-Degraded_Environments.pdf,REC_0857,moved
UAV_Cross-View_Image_Retrieval_and_Visual_Geo-Localization_in_GNSS-Denied_Environments.pdf,REC_0165,moved
Vision-Based_Autonomous_Drone_Navigation_Using_Deep_Reinforcement_Learning.pdf,REC_0701,moved
Vision-Based_Global_Localization_for_UAVs_Using_Deep_Convolutional_Neural_Networks.pdf,REC_0149,moved
Vision-Based_UAV_Localization_by_Aerial_and_Satellite_Image_Matching.pdf,REC_0656,moved
Autonomous_Drones_in_GNSS-Denied_Environments_Results_from_the_Leonardo_Drone_Contest.pdf,REC_0065,moved
Autonomous_UAV_Navigation_for_Target_Detection_in_Visually_Degraded_and_GPS_Denied_Environments.pdf,REC_0264,moved
A_Homography-Based_Visual_Servo_Control_Approach_for_an_Underactuated_Unmanned_Aerial_Vehicle_in_GPS-Denied_Environments.pdf,REC_0824,moved
A_method_based_on_CNN-BiLSTM_for_UAV_navigation_error_compensation_in_GNSS_denied_environment.pdf,REC_0305,moved
A_Vision-Based_Approach_to_Autonomous_Landing_of_an_eVTOL_Aircraft_in_GPS-Denied_Environments.pdf,REC_0639,moved
Decimeter-Accuracy_Positioning_for_Drones_Using_Two-Stage_Trilateration_in_a_GPS-Denied_Environment.pdf,REC_0503,moved
GPS-Denied_UAV-UGV_Relative_Positioning_System_via_Vision-UWB_Fusion.pdf,REC_0215,moved
Micro-Drone_Ego-Velocity_and_Height_Estimation_in_GPS-Denied_Environments_Using_an_FMCW_MIMO_Radar.pdf,REC_0622,moved
On_the_scalability_of_experimentally_determined_aerodynamic_model_for_model-based_navigation_on_a_delta-wing_UAV.pdf,REC_0687,moved
Real_Time_Vision_Based_Obstacle_Avoidance_for_UAV_using_YOLO_in_GPS_Denied_Environment.pdf,REC_0066,moved
Sensor_Fusion_for_Autonomous_Indoor_UAV_Navigation_in_Confined_Spaces.pdf,REC_0161,moved
Towards_Robust_UAV_Tracking_in_GNSS-Denied_Environments_A_Multi-LiDAR_Multi-UAV_Dataset.pdf,REC_0706,moved
UAV_Navigation_With_Monocular_Visual_Inertial_Odometry_Under_GNSS-Denied_Environment.pdf,REC_0041,moved
UAV_Tracking_with_Lidar_as_a_Camera_Sensor_in_GNSS-Denied_Environments.pdf,REC_0281,moved
Visual-based_landing_system_of_a_multirotor_UAV_in_GNSS_denied_environment.pdf,REC_0123,moved
