id,raw_score,scrambled,best_shift,best_shift_score
REC_0001,0.6945,False,0,0.6945
REC_0003,0.6647,False,0,0.6647
REC_0006,0.6982,False,0,0.6982
REC_0008,0.7003,False,0,0.7003
REC_0010,0.7214,False,0,0.7214
REC_0013,0.6767,False,0,0.6767
REC_0017,0.655,False,0,0.655
REC_0022,0.7014,False,0,0.7014
REC_0023,0.7701,False,0,0.7701
REC_0025,0.6431,False,0,0.6431
REC_0028,0.6993,False,0,0.6993
REC_0035,0.6968,False,0,0.6968
REC_0037,0.5127,False,0,0.5127
REC_0041,0.7156,False,0,0.7156
REC_0043,0.7583,False,0,0.7583
REC_0053,0.7395,False,0,0.7395
REC_0057,0.7347,False,0,0.7347
REC_0064,0.7339,False,0,0.7339
REC_0065,0.7478,False,0,0.7478
REC_0066,0.7312,False,0,0.7312
REC_0071,0.6934,False,0,0.6934
REC_0077,0.7297,False,0,0.7297
REC_0080,0.7264,False,0,0.7264
REC_0084,0.7345,False,0,0.7345
REC_0095,0.6795,False,0,0.6795
REC_0096,0.6998,False,0,0.6998
REC_0102,0.6501,False,0,0.6501
REC_0107,0.7331,False,0,0.7331
REC_0111,0.7304,False,0,0.7304
REC_0115,0.0507,True,29,0.4182
REC_0118,0.7601,False,0,0.7601
REC_0123,0.7263,False,0,0.7263
REC_0131,0.6907,False,0,0.6907
REC_0138,0.6829,False,0,0.6829
REC_0149,0.6956,False,0,0.6956
REC_0155,0.7395,False,0,0.7395
REC_0161,0.7262,False,0,0.7262
REC_0165,0.5836,False,0,0.5836
REC_0179,0.7687,False,0,0.7687
REC_0195,0.6907,False,0,0.6907
REC_0196,0.6954,False,0,0.6954
REC_0202,0.739,False,0,0.739
REC_0208,0.7381,False,0,0.7381
REC_0211,0.6845,False,0,0.6845
REC_0213,0.7111,False,0,0.7111
REC_0215,0.6658,False,0,0.6658
REC_0218,0.6933,False,0,0.6933
REC_0239,0.6806,False,0,0.6806
REC_0246,0.7043,False,0,0.7043
REC_0255,0.7278,False,0,0.7278
REC_0264,0.7204,False,0,0.7204
REC_0271,0.769,False,0,0.769
REC_0274,0.7361,False,0,0.7361
REC_0278,0.7201,False,0,0.7201
REC_0281,0.7384,False,0,0.7384
REC_0289,0.7108,False,0,0.7108
REC_0294,0.695,False,0,0.695
REC_0296,0.7138,False,0,0.7138
REC_0305,0.7024,False,0,0.7024
REC_0318,0.747,False,0,0.747
REC_0332,0.7283,False,0,0.7283
REC_0343,0.7028,False,0,0.7028
REC_0345,0.7616,False,0,0.7616
REC_0346,0.6538,False,0,0.6538
REC_0363,0.7406,False,0,0.7406
REC_0369,0.7208,False,0,0.7208
REC_0388,0.6811,False,0,0.6811
REC_0391,0.7392,False,0,0.7392
REC_0409,0.6972,False,0,0.6972
REC_0426,0.7143,False,0,0.7143
REC_0438,0.7164,False,0,0.7164
REC_0444,0.729,False,0,0.729
REC_0455,0.7471,False,0,0.7471
REC_0459,0.717,False,0,0.717
REC_0464,0.7066,False,0,0.7066
REC_0469,0.7294,False,0,0.7294
REC_0475,0.7221,False,0,0.7221
REC_0481,0.6778,False,0,0.6778
REC_0485,0.7175,False,0,0.7175
REC_0489,0.695,False,0,0.695
REC_0502,0.6906,False,0,0.6906
REC_0503,0.6847,False,0,0.6847
REC_0534,0.7184,False,0,0.7184
REC_0537,0.7201,False,0,0.7201
REC_0544,0.7242,False,0,0.7242
REC_0572,0.7475,False,0,0.7475
REC_0594,0.7145,False,0,0.7145
REC_0598,0.6679,False,0,0.6679
REC_0617,0.6895,False,0,0.6895
REC_0620,0.7006,False,0,0.7006
REC_0622,0.7021,False,0,0.7021
REC_0631,0.7027,False,0,0.7027
REC_0639,0.7692,False,0,0.7692
REC_0644,0.6683,False,0,0.6683
REC_0647,0.7434,False,0,0.7434
REC_0652,0.7248,False,0,0.7248
REC_0656,0.7234,False,0,0.7234
REC_0687,0.7109,False,0,0.7109
REC_0688,0.6938,False,0,0.6938
REC_0701,0.713,False,0,0.713
REC_0705,0.6958,False,0,0.6958
REC_0706,0.7252,False,0,0.7252
REC_0713,0.6891,False,0,0.6891
REC_0716,0.6962,False,0,0.6962
REC_0719,0.6744,False,0,0.6744
REC_0752,0.723,False,0,0.723
REC_0814,0.6748,False,0,0.6748
REC_0816,0.706,False,0,0.706
REC_0824,0.696,False,0,0.696
REC_0840,0.6831,False,0,0.6831
REC_0857,0.6465,False,0,0.6465
REC_0859,0.7188,False,0,0.7188
REC_0866,0.7658,False,0,0.7658
REC_0870,0.6489,False,0,0.6489
REC_0932,0.7082,False,0,0.7082
REC_0951,0.6692,False,0,0.6692
REC_0960,0.719,False,0,0.719
REC_0961,0.7488,False,0,0.7488
REC_0973,0.718,False,0,0.718
REC_0981,0.667,False,0,0.667
REC_0986,0.6605,False,0,0.6605
REC_0993,0.6611,False,0,0.6611
REC_0994,0.7608,False,0,0.7608
REC_1001,0.7306,False,0,0.7306
REC_1006,0.6651,False,0,0.6651
REC_1007,0.6755,False,0,0.6755
REC_1018,0.6208,False,0,0.6208
REC_1025,0.7398,False,0,0.7398
REC_1028,0.6808,False,0,0.6808
REC_1034,0.6779,False,0,0.6779
REC_1049,0.7349,False,0,0.7349
REC_1103,0.6949,False,0,0.6949
REC_1105,0.6958,False,0,0.6958
REC_1132,0.7249,False,0,0.7249
REC_1137,0.7139,False,0,0.7139
REC_1146,0.6903,False,0,0.6903
REC_1148,0.6735,False,0,0.6735
REC_1159,0.6945,False,0,0.6945
REC_1192,0.7331,False,0,0.7331
REC_1207,0.7474,False,0,0.7474
REC_1212,0.6653,False,0,0.6653
REC_1217,0.772,False,0,0.772
REC_1245,0.777,False,0,0.777
REC_1270,0.7389,False,0,0.7389
REC_1285,0.7058,False,0,0.7058
REC_1298,0.6858,False,0,0.6858
REC_1306,0.6958,False,0,0.6958
REC_1307,0.7857,False,0,0.7857
REC_1308,0.7199,False,0,0.7199
REC_1313,0.6933,False,0,0.6933
REC_1330,0.6753,False,0,0.6753
REC_1358,0.6854,False,0,0.6854
REC_1366,0.6963,False,0,0.6963
REC_1378,0.6645,False,0,0.6645
REC_1405,0.648,False,0,0.648
REC_1417,0.698,False,0,0.698
REC_1451,0.7145,False,0,0.7145
REC_1463,0.7199,False,0,0.7199
REC_1480,0.7688,False,0,0.7688
REC_1561,0.6746,False,0,0.6746
REC_1564,0.6981,False,0,0.6981
REC_1573,0.7269,False,0,0.7269
REC_1582,0.7361,False,0,0.7361
REC_1612,0.6979,False,0,0.6979
REC_1619,0.622,False,0,0.622
REC_1640,0.7326,False,0,0.7326
REC_1642,0.7446,False,0,0.7446
REC_1667,0.6848,False,0,0.6848
REC_1678,0.7039,False,0,0.7039
REC_1688,0.686,False,0,0.686
REC_1715,0.686,False,0,0.686
