id,title,abstract
REC_0014,EKF-Based Multi-Sensor Fusion for GPS-Denied Localization of an Autonomous Ground Vehicle,"This paper presents an EKF-based multi-sensor fusion framework for GPS-denied localization of an autonomous ground vehicle. The proposed system integrates measurements from an inertial measurement unit, wheel encoders, and LiDAR to estimate the vehicle pose in terms of position and heading. Wheel encoder and IMU data are used for continuous motion prediction, while LiDAR-based localization provides environmental observations to correct accumulated drift. The framework is implemented on a compact Ackermann-steering robotic platform using a modular navigation architecture that integrates mapping, localization, obstacle avoidance, and motion control. Experimental validation in GPS-denied indoor environments demonstrates that the proposed fusion approach improves pose estimation consistency compared with dead-reckoning-based localization and reduces drift during trajectory tracking. The results confirm the suitability of the proposed framework for autonomous navigation applications where GPS signals are unavailable or unreliable, such as indoor inspection, search and rescue, and autonomous logistics."
REC_0052,Multi-UAV Cooperative Localization with PSO-Based Configuration Optimization for Bridge Inspection in GNSS-Denied Environment,"Health monitoring of bridge structures imposes stringent requirements on high-precision navigation for inspection equipment, particularly in complex environments such as under-bridge areas where GNSS signals are obstructed, leading to significant positioning errors due to signal blockage or multipath effects. This paper proposes a collaborative navigation framework based on multiple unmanned aerial vehicles (UAVs), integrating one inspection UAV with a cluster of reference UAVs for auxiliary positioning to achieve real-time localization and trajectory optimization during bridge inspections. The framework employs the Gauss-Newton method for position estimation and utilizes the Particle Swarm Optimization (PSO) algorithm to dynamically adjust the spatial configuration of auxiliary UAVs, minimizing the Geometric Dilution of Precision (GDOP), ensuring trajectory smoothness, and avoiding bridge occlusions. Simulation results demonstrate that the proposed method effectively reduces the three-dimensional positioning error of the inspection UAV (mean error $<0.5 ~\mathrm{m}$). To validate the effectiveness of the proposed framework, comparative experiments were conducted against a collaborative Least Squares (UWB-LS) positioning algorithm based on Ultra-Wideband (UWB) technology. The results demonstrate that the proposed method achieves an average positioning error of approximately $0.1-0.5$ meters, significantly outperforming the UWB-LS algorithm, which yields errors of $\mathbf{0. 5 - 1. 5}$ meters. validating the feasibility and superiority of multi-UAV collaborative navigation in bridge inspection scenarios."
REC_0055,Design and Development of Autonomous Mobile Robot for Mapping and Navigation System,"Mobile Robot for Mapping and Navigation is one of the challenging researches in the area of robotics. An unknown indoor and outdoor mapping in dynamic environment is used for navigation of robot. This research focuses on mapping utilizing a GMapping approach that uses simultaneous localization and mapping (SLAM). The concept of navigation or autonomous driving is used in SLAM it helps for mobile robot to move independently. SLAM and RVIZ GMapping software that is available an open source, along with the Robotic Operating System (ROS) and RPLiDAR camera, is required to map an unknown dynamic indoor environment. The laser data and navigation messages are passed to mapping in an unknowable environment, the SLAM GMapping function is taken into account. The command for autonomous navigation will be designed and delivered by the navigation stack after the mapping has been generated."
REC_0062,Multi-robot cooperative navigation with active sensing in a GPS-denied environment,"We consider a cooperative navigation problem for a group of robots in a GPS-denied environment. It is well known that using only odometry measurements leads to drift in localization. However, it is possible to leverage inter-robot measurements and reduce the localization drift. In this paper, we assume that in addition to odometry information, each robot measures its relative range to others prescribed by a measurement graph. We aim to create active sensing strategies that improve cooperative localization performance with access to only the range and odometry measurements. Motivated by the popular factor graph-based smoothing and mapping framework, we propose a metric to measure the quality of a path for cooperative navigation. We design an active sensing algorithm based on model predictive control to optimize such a metric. From our Monte-Carlo simulation results, the active sensing algorithm reduces the localization uncertainty and outperforms baseline algorithms."
REC_0066,Real Time Vision Based Obstacle Avoidance for UAV using YOLO in GPS Denied Environment,"This paper discussed cost-effective vision-based obstacle avoidance for Unmanned Aerial Vehicles (UAVs) operating in GPS-denied environments. The system combines the You Only Look Once (YOLO) architecture with stereo vision cameras (OAK-D Lite), a Raspberry Pi computer, and a flight controller unit (Pixhawk-Cube). Navigating safely through obstacles becomes challenging for UAVs in GPS-denied environments. To address this issue, the drone is configured in altitude hold mode, and the system is trained on the Common Objects in Context (COCO) dataset, enabling it to recognize objects and analyze the surrounding areas to identify free spaces. By doing so, the drone can traverse an obstacle-free path. The detected obstacle information is then utilized to generate avoidance trajectories, allowing the UAV to navigate around obstacles safely. Real-time testing of the proposed technique demonstrates its efficacy in detecting and avoiding obstacles within a threshold distance of 2 meters, with an error rate of 10%. The drone’s relative speed is configured at 2 m/s during these tests."
REC_0179,Wireless Local Positioning System for Controlled UAV Landing in GNSS-Denied Environment,"A novel concept for ad-hoc landing of unmanned aerial vehicles (UAV) in GNSS-denied environment is presented in this paper. In our concept at the beginning of the landing phase the UAV drops several active beacons down to the landing site. It enables the UAV to localize itself via distance and angle information to the deployed beacons. The presented wireless local positioning system is based on 24 GHz secondary radar sensors and allows for accurate and robust 3D-positioning even in harsh weather conditions. The specially designed antennas with large angular coverage assure UAV localization disregarding the beacon's position and orientation. The developed beacon design has small size, low weight and power consumption that perfectly suits the application goal. Measurements of localization and landing scenario using four beacons and the radar unit installed on the drone are shown. The 3D-positioning of the UAV with the RMSE under 36 cm using only a single beacon and 31 cm using four beacons were achieved. These results verify the application of the proposed system as an accurate and redundant UAV landing solution."
REC_0190,Autonomous humanoid robot navigation using augmented reality technique,"This work presents a novel vision-based navigation strategy for autonomous humanoid robots using augmented reality (AR). In the first stage, a platform is developed for indoor and outdoor human location positioning and navigation using mobile augmented reality. The image sequence would be obtained by a smart phone's camera and the location information will be provided to the user in the form of 3D graphics and audio effects containing location information. To recognize a location, an image database and location model is pre-constructed to relate the detected AR-marker's position to the map of environment. The AR-markers basically act as active landmarks placed in undiscovered environments, sending out location information once detected by a camera. The second stage implements the same algorithm on an autonomous humanoid robot to be used as its navigation module. This is achieved by coupling the robot odometry and inertial sensing with the visual marker detection module. Using this system, the robot employs its vision system to enhance its localization robustness and allow quick recovery in lost situations by detecting the active landmarks or the so called AR-markers. The problem of motion blur resulting from the 6-DOF motion of humanoid's camera is solved using an adaptive thresholding technique developed to increase the robustness of the augmented reality marker detection under different illumination conditions and camera movements. For our experiments, we used the humanoid robot NAO and verified the performance of this navigation methodology in real-world scenarios."
REC_0192,Visual-Based Deep Reinforcement Learning for Mobile Robot Obstacle Avoidance Navigation,"To address the issue of navigation failure caused by light reflection in real-world navigation scenarios using inexpensive 2D LiDARs, traditional SAC-based algorithms face challenges such as inability to train in highly randomized and sparsely rewarded environments, as well as slow training. In this paper, we propose a combination of a monocular camera and a depth estimation model as a substitute for the inexpensive 2D LiDAR and introduce a variant algorithm called Sharing Encoder Self-Attention Soft Actor Critic (SESA-SAC) for collision-free indoor navigation of mobile robots. To improve the efficiency of robot learning in sparse environments, we collect expert data from 200 episodes and store them in a replay buffer. We conduct training by randomly sampling from both exploration data and expert data, without pre-training. To enhance training performance, we introduce a channel-wise self-attention structure and layer normalization in the network to learn better features. Additionally, we propose a shared feature extractor to achieve more stable training. Moreover, we conduct training and testing in GAZEBO, and the experimental results demonstrate that our proposed SESA-SAC algorithm outperforms traditional SAC algorithms in terms of convergence speed, stability, and efficiency for indoor navigation tasks."
REC_0199,An Autonomous Simultaneous Localization and Mapping Walker for Indoor Navigation,"Walkers have been used to help the elderly and individuals with movement disorders as an assistive and rehabilitation tool. This study presents a smart walker, a system which guides the users to navigate in an indoor environment. The Walker can be controlled by voice commands to create location markers and navigate the user while avoiding obstacles. We evaluated three localization implementations, namely, Adaptive Monte Carlo Localization (AMCL), Gmapping and Hector_Slam for this system and compared their navigation accuracy with an ideal path. We collected the data on the paths of AMCL, Gmapping and Hector_Slam and applied statistical tests on the data. The results show that AMCL achieves the lowest mean absolute error while navigating to its goal with an error of 2.15% over the path distance, as compared to Gmapping and Hector in this implementation."
REC_0210,SLAM-Based Autonomous Indoor Navigation System For Electric Wheelchairs,"Commercial electric wheelchairs have become cheaper due to the development of related technologies and equipment in recent years. Most of them need the user to control directions using joysticks or handles in order to navigate in indoor environments. This paper presents the development of an indoor autonomous navigation system for electric wheelchairs. The developed system uses 2d lidar to scan obstacles, walls around it and then create a map of its surrounding and localize itself in the map while moving autonomously in indoor environments without inputs from a user. The system is integrated using hardware which is safe for humans and uses open-source software which permits easy and safe integration with an existing electric wheelchair."
REC_0229,Simulation of Indoor Localization and Navigation of Turtlebot 3 using Real Time Object Detection,"This paper proposes a method for indoor localization and navigation of Turtlebot 3 using Real Time Object Detection (RTOD). The robot is capable of recognizing the room it is placed inside based on the knowledge of positions of certain fixed arbitrary objects. The robot then proceeds to understand its position inside the room and is capable of moving to other locations. The robot is simulated using the ROS and Gazebo framework. The RTOD is trained to identify certain distinct objects like a rover, bowl, quadcopter and wheel based on which the robot is able to ascertain its location."
REC_0286,A Multi-Stage Matching-Based Inertial/Geomagnetic Integrated Navigation Algorithm for UAVs in GNSS-Denied Environments,"In near-Earth space, magnetic field information may exhibit similarity across different locations, implying that single-point positioning cannot be achieved merely by using geomagnetic information. However, a correspondence exists between the correlation of geomagnetic fields and the continuity of motion trajectories. Therefore, building upon the initial navigation information provided by inertial navigation systems (INS), high-precision navigation and positioning can be realized by performing correlation matching between real-time measured geomagnetic sequences along the trajectory and pre-stored geomagnetic maps. High-precision navigation without GNSS presents significant challenges, and geomagnetic field-aided inertial navigation serves as one potential solution. The classical Magnetic Contour Matching (MAGCOM) algorithm’s effectiveness depends on its search area, which is typically fixed, resulting in limited algorithm flexibility. Meanwhile, the traditional Iterative Closest Contour Point (ICCP) algorithm demands high sensor performance, exhibits poor noise tolerance, and suffers from computational complexity and inadequate real-time performance. To address these limitations, this paper proposes an inertial/geomagnetic integrated navigation algorithm based on geomagnetic maps. The complete algorithm consists of four key stages: initial position determination, coarse matching, fine matching, and integrated filtering. Firstly, the point on the contour line closest to the INS-indicated starting position is selected as the search center. This approach significantly reduces subsequent computational workload while ensuring matching reliability. During coarse matching, contour constraints are employed to limit the search area, thereby improving matching efficiency. The Mean Absolute Difference (MAD) algorithm serves as the correlation criterion for matching. Although coarse matching reduces the computational burden, residual errors from inertial calculations persist and may degrade positioning accuracy. The fine matching process further constrains inertial navigation error accumulation through additional contour line constraints. The refined matching results are then input as position observations into a State Transformation Extended Kalman Filter (ST-EKF) to correct system parameters, with the final output representing the algorithm’s ultimate navigation solution. To evaluate the algorithm’s performance, experimental validation was conducted on a UAV platform. The tests were performed along predefined flight paths within a designated area at altitudes of 450 meters, 260 meters, and 70 meters, respectively. The obtained average position estimation errors were 72.0 meters, 25.1 meters, and 21.9 meters, meeting the requirements for typical UAV autonomous navigation and positioning. The proposed algorithm demonstrates superior performance over two classical geomagnetic matching navigation algorithms in most evaluation metrics, offering a viable solution for long-endurance positioning in GNSS-denied environments."
REC_0319,UKF SLAM-Enhanced Perception and Navigation for Effective Area Coverage in Autonomous Driving,"Reliability in decision-making, path planning, and motion control is significantly influenced by localization accuracy and integrity, which poses a fundamental challenge for au-tonomous ground vehicles. To address errors induced by external factors in GPS-based pose estimation, this study introduces a method that combines GNSSI/MU data with landmark-based environment mapping constructed from laser scan data. The integration of measurements from multiple sensors and the enhancement of accuracy and dependability in the estimation process were achieved using the Unscented Kalman Filter (UKF) for multi-sensor data fusion. Comprehensive experiments con-ducted across various datasets and under diverse conditions demonstrate that our proposed technique achieves high accu-racy and robustness in state estimation. Its precision remains consistent with ground truth even in the presence of noise, underscoring its reliability. Moreover, the incorporation of a scan-matching approach significantly improves map estimation precision, contributing to enhanced overall pose estimation and localization accuracy. This capability underscores the effective-ness of our approach in navigating and mapping dynamic and noisy environments, making it a valuable tool for a variety of robotics and autonomous system applications"
REC_0327,Research on Multi-Sensor Indoor Cross-Floor Autonomous Navigation System Based on LiDAR-Visual Fusion SLAM,"To address the challenges of insufficient localization accuracy and dynamic obstacle avoidance for mobile robots in indoor multi-floor environments, this paper proposes an autonomous navigation system based on LiDAR-visual fused SLAM and multi-sensor fusion. A high-precision environmental map is constructed by integrating depth camera and 2D LiDAR data, while a BLE/MEMS cross-floor localization algorithm combined with IMU inertial navigation achieves floor discrimination and pose correction. Global path planning and dynamic obstacle avoidance are accomplished through an improved $\mathrm{A}^{*}$ algorithm and Dynamic Window Approach (DWA), with YOLOv5 object detection technology enhancing obstacle recognition capabilities. Experimental results demonstrate that the system achieves a localization error of less than $\mathbf{0. 1 5 m}$ in a $\mathbf{3}$-floor office building, a cross-floor path planning response time below 3 seconds, and a mean Average Precision (mAP) of 92.7% for target detection. This research provides a technical reference for autonomous navigation in complex indoor environments."
REC_0408,Autonomous Navigation of a Single UAV in Cluttered Indoor Environment via Cuckoo Search Algorithm,"The paper introduces an optimized path planning strategy for a single Unmanned Aerial Vehicle (UAV) moving in a structured indoor environment utilizing the Cuckoo Search Algorithm (CSA). The UAV is to move from an initially specified starting point to a specified goal while avoiding known static obstacles in a three-dimensional grid space. The CSA is calibrated using parameter sensitivity analysis with population size, step size factor, discovery rate, and fitness weighting. The calibrated model is verified by 20 trials in MATLAB-based simulations and real-time experiments on a nano drone using a Pixhawk Mini flight controller and Raspberry Pi. Experimental settings mimicked the simulated environment with a grid size of $420 ~\text{cm} \times 720 ~\text{cm} \times 150 ~\text{cm}$. The UAV only had an average path length error of 8.18 % and a travel time error of 7.82 % between simulation and physical tests, with no collision events occurring. The findings support that the devised CSA framework is efficient, stable, and could be transferred to physical UAV systems for indoor navigation tasks."
REC_0441,Navigation Without Localization Using Stable Cycles,"Navigating autonomous robots in GNSS-denied environments, such as underwater, remains a fundamental challenge due to the lack of reliable localization. Classical approaches rely on exteroceptive sensors and complex state estimation pipelines, which are often computationally expensive, not-precise, and unsuitable for stealthy or resource-constrained platforms. In this article, we propose a novel, frugal navigation paradigm based on stable cycles, inspired by biological navigation strategies observed in migratory animals. Our method enables a robot to follow and stabilize a predefined cycle in the environment without requiring explicit state estimation. A timed automaton is used to generate control inputs that drive the robot along a discretized cycle, which is then stabilized in the world frame using sparse environmental measurements. We formally describe this cycle-based control framework, provide a proof of its stability, and validate the approach experimentally on a real robot. This work opens a new direction for low-cost, low-observability robotic navigation in unstructured and GNSS-denied environments."
REC_0448,Indoor Navigation System of Mobile Robot with Trajectory Optimization,"This paper proposes a navigation system for mobile robot working in indoor environment, which includes mapping and trajectory generation for the motion tracking problem of the real mobile robot. The mapping process comprises a Gaussian model to improve the accuracy of the environment representation. With this new mapping method, the mobile robot knows the obstacle in the environment around robot itself. For the trajectory generation process, a multimodality method is used to explore all feasible paths to reach the target point by estimating the density of distribution of the objective function. Finally, the experiments show the effectiveness of this navigation framework."
REC_0452,A Survey of LiDAR-Based 3D SLAM in Indoor Degraded Scenarios,"This review paper investigates LiDAR odometry technologies adapted for indoor environments. Localization challenges arise primarily from reduced environmental constraints, particularly in confined spaces like narrow corridors or tunnels where homogeneous conditions make it challenging to discern the robot's position from LiDAR data. The paper provides a comprehensive analysis of algorithms and methodologies aimed at enhancing the robustness and precision of LiDAR odometry in these complex scenarios. It also explores the synergistic combination of LiDAR with other sensors, such as cameras and Inertial Measurement Units (IMUs), to refine the SLAM process. Moreover, the paper highlights recent progress in data processing techniques, with a specific emphasis on LiDAR intensity processing, which is crucial for accurate indoor navigation. In conclusion, the paper identifies current limitations and outlines a path for future research, emphasizing the need for the development of adaptive, intelligent systems that can reliably operate across various indoor environments."
REC_0458,Design and Analysis of a Single-rotor UAV for Safe Indoor Navigation,"Initially developed for use in the military, UAVs these days are now being produced commercially, with deployment in various fields. This technology is constantly evolving, with recent research focusing on smaller drones that can function in constrained spaces and work collaboratively. The development of ‘indoor’ UAVs poses challenges not only in the domain of localization and GNSS-denied navigation, but also in the design and development of special indoor UAVs, since they are prone to damage when operating in a cluttered environment. Propellers and control surfaces are fragile and are usually the first parts to endure damage in case of a crash. This paper explores an efficient and unconventional UAV, designed specifically for indoor navigation, that can endure minor crashes without damaging propellers and control surfaces. The unique design uses a single rotor along with two sets of control surfaces, like a tail-sitter, to hover and maneuver. The design decisions are verified by aerodynamic analysis of various elements of the design."
REC_0477,A Novel Mobile Robot Navigation Method Based on Hand-Drawn Paths,"In the real world, a human tourist can quickly arrive at a target along the route planned by his/her instinctive cognition of prepared maps. While on the mobile robot, it is required to know every way-points of the static or dynamic planning paths to reach a goal point. The previous navigation modes are mostly from sensor location, speech interaction, grid maps and so on. They rely on sensing performance, the speech instruction of site personnel or complex algorithms for the path searching and tracking. For improving the performance of interaction and tele-operated path tracking, in this paper, a novel interactive navigation based on the recognition of hand-drawn paths is proposed for mobile robots. Pen, paper, and camera are employed as the interface between users and the mobile robot. Initially, the image of a hand drawn path in the paper map is captured by a camera and segmented from the background by the color detection model. It is hypothesized that the captured frame of hand-drawn paths is slant to the original orthogonal map. Therefore, this method should firstly project the smoothed skeleton of slant path into the coordinate space of orthogonal map to guide the robot to perform path tracking. Then the hand-drawn path is rectified and remapped into the registered reference image of the orthogonal map through feature matching and perspective transformation. The combination of SIFT and RANSAC algorithms are employed for improving the accuracy of the projection of slant paths in the orthogonal map. Sequentially, a limited number of way-points are picked out from the corrected path in an orthogonal 2D map space usable for 2D navigation. The oriented sequential motion vectors are estimated by linking all successive way-points and employed for the path tracking along the predefined route step by step. Eventually, random navigation paths are designed to validate the robustness, effectiveness and accuracy of the constructed interactive navigation system."
REC_0502,LD3DGS-SLAM: Long-Distance Monocular SLAM With 3-D Gaussian Splatting and GNSS-Aided Localization for UAVs,"Integrating neural rendering with simultaneous localization and mapping (SLAM) has shown great promise for achieving high-precision localization and photorealistic scene reconstruction. However, the dynamic perspectives of uncrewed aerial vehicles (UAVs), compounded by Global Navigation Satellite System (GNSS) signal interference and the accumulation of localization errors, pose significant challenges to existing monocular SLAM methods in complex environments. To address these limitations, we propose LD3DGS-SLAM, a novel framework that integrates monocular SLAM, GNSS, and 3-D Gaussian splatting (3DGS) to enhance UAV-based localization and mapping. The system integrates traditional geometric feature-based localization with the multiview synthesis capability of 3-D Gaussian rendering, achieving a breakthrough in accuracy while enhancing robustness. First, we construct a multisensor fusion graph optimization model that tightly integrates GNSS and monocular vision data, effectively mitigating the cumulative drift typical of traditional SLAM pipelines. Afterward, we introduce a 3-D Gaussian-based mapping strategy that incrementally refines a dense scene representation using SLAM-generated point clouds, fusing geometric and texture information to reconstruct highly accurate and detailed maps. To further enhance localization performance in GNSS-denied scenarios, we develop a dynamic frame interpolation and tracking approach based on 3-D Gaussian rendering. By synthesizing novel viewpoints, this method improves observation matching and strengthens loop closure detection, enabling robust relocalization in large-scale environments. To validate the effectiveness of the proposed framework, we implement a UAV test system and evaluate its performance on both the publicly available TUM dataset and a self-collected aerial dataset spanning several kilometers. Experimental results show that LD3DGS-SLAM achieves a state-of-the-art average localization error of only 0.8 m using just a monocular camera, even during long-range flight missions exceeding tens of kilometers and altitudes up to 500 m. Overall, LD3DGS-SLAM effectively addresses the limitations of monocular SLAM in aerial scenarios, providing a robust, accurate, and cost-effective localization solution for urban air mobility (UAM) and Aerial Internet of Things (IoT) applications."
REC_0564,Devising Overtraining Curriculum Learning Techniques to Enhance Autonomous Navigation Reinforcement Learning,"Autonomous navigation, which involves independently navigating an agent through obstacles, is commonly approached through reinforcement learning (RL). However, RL is notoriously difficult to train, which hinders model performance. So, this paper proposes “overtraining” curriculum learning (CL) techniques to enhance training processes. Inspired by human phenomena, overtraining trains an agent in harder environments than those it is tested in, allowing for expedited learning. To validate this, a car agent was trained using RL to navigate a series of obstacles in Python. Various “overtraining” approaches, alongside existing end-to-end and CL techniques, were benchmarked. After measuring performance across CL magnitudes and environment difficulties, the static overtraining approach demonstrated 9.05% more reward than the baseline. This provides an easy-to-use method of enhancing autonomous navigation algorithms, enabling innovations in self-driving, indoor navigation, robotics, and more."
REC_0570,Autonomous Indoor Navigation Using PPO and SAC with Cross-sensor fusion in Simulated Environment,"Intelligent robots are increasingly deployed for autonomous navigation in dynamic indoor environments. Sensor selection plays a critical role in determining how effectively a robot perceives and interacts with its surroundings. While RGB cameras and 2D LiDARs are commonly used, they face challenges such as sensitivity to lighting and limited depth perception. This study explores the use of a 3D LiDAR and RGB camera cross-sensor fusion technique , Fusion technique, to improve environmental understanding. We train and evaluate Proximal Policy Optimization (PPO) and Soft Actor-Critic (SAC), using these two Reinforcement learning algorithms only Fusion data in a simulated, dynamic and map-free indoor environment. Our results show that PPO outperforms SAC in terms of safety metrics especially Probability of identification. This research highlights the effectiveness of 3D LiDAR data in enabling robust, map-free indoor navigation, offering a promising direction for future autonomous robotic systems."
REC_0690,Autonomous Indoor Navigation Robot for Restaurant Environments,"This paper presents the design and implementation of NavBot, an Autonomous indoor service robot tailored for restaurant environments. The project addresses the need for efficient and automated customer service, aiming to reduce operational workload and enhance customer experience. NavBot utilizes ultrasonic sensors to detect and avoid obstacles in real-time, ensuring safe navigation in indoor settings. It also incorporates Google Cloud's Speech-to-Text API to receive customer orders via voice commands, which are stored and processed using a SQLite database. Furthermore, NavBot employs a camera for human detection, allowing it to execute context-based tasks. The robot autonomously delivers food to designated tables with minimal human intervention. The results demonstrate improved service speed and operational efficiency, enabling restaurant staff to focus more on personal interaction with customers. This project highlights the potential of robotics in the food service industry as a cost-effective and innovative solution to enhance customer engagement and streamline operations."
REC_0697,Development of an autonomous outdoor patrol robot in private road environment,"Recently, the necessity of an autonomous outdoor patrol robot is increasing. The outdoor navigation is more difficult than an indoor navigation because the outdoor environment is more complex than the indoor environment. Various methods[1-2] for the outdoor navigation were researched. However, it is not easy to implement these methods[1-2], since these solutions require expensive sensors. In this paper, we compute the robot's pose by using Extended Kalman Filter[3], and extract the road information by using single Laser Range Finder (LRF). The localization, motion control, and the road information are used for a stable navigation. By using the proposed method, the autonomous outdoor patrol robot can navigate successfully in regular road environments."
REC_0736,Vision-based pose estimation for indoor navigation of unmanned micro aerial vehicle based on the 3D model of environment,"The main function of unmanned micro aerial vehicle (UMAV) is localization. If the robot knows where it is, it will be able to create a correct route and to complete it task. An indoor environment doesn't allow using GPS/GLONASS sensors on robots. Also other sensors like LIDAR and ultrasonic ranges has its own disadvantages. In this paper we suggest to use monocular camera as main sensor. The image from camera is used to extract edges and then to compare them with edges from known 3D model of environment. To estimate a final hypothesis about robot localization we used a particle filter. Finally, we have developed our localization system as ROS based subsystem and used the Gazebo simulator for testing."
REC_0779,"AerialVL: A Dataset, Baseline and Algorithm Framework for Aerial-Based Visual Localization With Reference Map","Visual localization plays an essential role in the autonomous flight of Unmanned Aerial Vehicles (UAVs) especially for the Global Navigation Satellite System (GNSS) denied environments. Existing aerial-based visual localization methods mainly focus on eliminating image variance between database map and captured frames. However, these is a lack of public dataset and baseline for method comparisons, which impedes the development of aerial-based visual localization. To address this issue, we construct AerialVL, a large-scale dataset, which is collected using UAV flying at different altitudes, along various routes, and during diverse time periods. AerialVL consists of 11 image sequences covering approximately 70 km of trajectory and includes a reference satellite image database corresponding to the flight area. Leveraging AerialVL, we perform thorough evaluations on various mainstream solutions designed for aerial-based visual localization for the first time. This evaluation encompasses visual place recognition, visual alignment localization and visual odometry, serving as comparison baselines. Furthermore, we present a general aerial-based visual localization framework, which unifies various methods and integrates them into a modular architecture. We note that across all flight trajectories, the proposed framework achieves higher localization accuracy and robustness against the existing methods."
REC_0860,$\rho$LiRLo: LiDAR-Based Relative Localization with Retro-Reflective Marker,"This paper presents $\rho$LiRLo, a LiDAR-based Relative Localization method, designed for reliable robot navigation and control in GNSS-denied environments. $\rho$LiRLo enhances point cloud processing using intensity filtering with a retro-reflective marker. The marker's position is determined via Euclidean clustering, while a Kalman filter tracks the robot's pose. To improve localization accuracy in dynamic conditions, IMU measurements are integrated, and a robotic manipulator actively tracks the marker, expanding LiDAR's field of view. The method is demonstrated on an Unmanned Aerial Vehicle (UAV) in both indoor and outdoor experiments. Indoor tests benchmark localization against OptiTrack motion capture, while outdoor experiments are conducted in a maritime environment with the tracking system mounted on an Unmanned Surface Vehicle (USV). To mitigate the challenges of dynamic sea conditions, IMU measurements from the floating base of the USV are used to compensate for disturbances introduced by waves and wind. $\rho$LiRLo demonstrates high accuracy, low-latency feedback, and strong potential for applications in GNSS-denied settings."
REC_0865,OPEN: Lightweight Map-Based Semantic Navigation for GPS-Free Last-Mile Delivery,"The growing demand for efficient last-mile delivery highlights the need for autonomous robots to improve operational efficiency and reduce costs. Traditional navigation methods rely on high-precision maps, which are expensive to produce and maintain, while learning-based approaches often struggle to adapt to diverse real-world environments. To address these challenges, this paper presents OpenStreetMap-enhanced oPen-air sEmantic Navigation (OPEN), a system that combines foundation models with classic navigation algorithms to enable scalable outdoor navigation. By leveraging off-the-shelf OpenStreetMap (OSM), OPEN eliminates the need for extensive pre-mapping and provides a lightweight, readily available map representation. The system uses Large Language Models (LLMs) to interpret delivery instructions and Vision Language Models (VLMs) for global localization without relying on GPS, real-time map updates, and entrance recognition, ensuring robust navigation in complex environments. To further enhance adaptability, OPEN incorporates a local replanning method that dynamically adjusts waypoints in response to environmental changes and OSM inaccuracies. Since existing benchmarks do not adequately reflect the challenges of last-mile delivery, this work introduces a new benchmark designed for residential navigation. Experiments conducted in both simulated and real-world settings demonstrate that OPEN improves navigation accuracy, efficiency, and reliability, outperforming existing semantic navigation methods. To facilitate further research, the code and benchmark are publicly available at https://github.com/EI-Nav/light-map-navigation.git Note to Practitioners—Autonomous robot navigation for last-mile delivery faces significant challenges, including high mapping costs, environmental variability, and unreliable or unavailable GPS signals in urban areas, all of which hinder large-scale deployment. Traditional high-precision maps are expensive to create and maintain, while learning-based approaches often struggle to generalize to new and dynamic environments. Additionally, traditional navigation systems lack the ability to comprehend and execute tasks based on natural language instructions, limiting their flexibility and interactivity. To address these challenges, this work introduces an innovative framework that eliminates the need for costly pre-mapping by leveraging OSM data and foundation models for efficient navigation. The system utilizes LLMs to interpret delivery tasks expressed in natural language, offering a more intuitive and interactive user experience, while VLMs enable GPS-free localization, real-time map updates, and entrance recognition, enhancing adaptability in complex environments. Additionally, a local replanning mechanism dynamically adjusts waypoints when OSM data proves inaccurate, ensuring greater safety and reliability. In practical applications, OPEN provides a low-cost, highly adaptable solution that allows robots to operate in diverse environments without extensive pre-mapping efforts, while its ability to process natural language instructions significantly enhances usability. However, its effectiveness depends on the completeness and accuracy of OSM data, and integrating higher-quality maps from providers like Google or Baidu could further improve navigation performance. Beyond last-mile delivery, this framework holds promising potential for applications in drone logistics, warehouse automation, and intelligent transportation systems, paving the way for scalable and cost-effective autonomous mobility solutions."
REC_0866,Autonomous Aerial Robots for Search and Rescue Missions,"Autonomous aerial robots, often referred to as drones, have demonstrated immense potential in enhancing the effectiveness and safety of search and rescue (SAR) operations. This paper presents a comprehensive study of the latest advancements in drone technology tailored for SAR missions. It examines the integration of sophisticated algorithms that empower drones with autonomous navigation, object recognition, and decision-making capabilities in complex and unstructured environments. The paper explores the deployment strategies of swarm intelligence for coordinated multi-drone operations, maximizing area coverage, and minimizing search time. Attention is given to the development of robust communication systems that enable drones to operate in GPS-denied areas and ensure reliable data transmission during critical missions. The research further delves into the endurance and adaptability of drones under varied climatic conditions, ensuring sustained operation during extended missions. A pivotal focus is placed on the ethical implications and safety protocols essential for the operation of autonomous aerial robots in SAR scenarios. Through simulation and field trials, the paper evaluates the operational readiness and efficacy of these systems. The findings suggest that incorporating autonomous aerial robots significantly increases the efficiency of SAR missions, providing a safer alternative to human-led operations while reducing operational costs and response times."
REC_0920,Aided Navigation Techniques for Indoor and Outdoor Unmanned Vehicles,"This paper presents design considerations of indoor and outdoor navigation techniques proposed for unmanned vehicles (UV). In this paper, we mainly investigate the use and the advantages of wireless sensor networks (WSNs) for indoor navigation, and Global Positioning System (GPS) for outdoor navigation. The system primarily uses laser range finder (LRF) measurements for indoor navigation, and is based on Extended Kalman Filter (EKF). For outdoor navigation the system uses Inertial Navigation System (INS) measurements. At periodical intervals the system integrates the measurements of an absolute sensor to improve estimations. The absolute sensor is a WSN interface for indoor navigation, and a GPS receiver for outdoor navigation. Simulation studies were conducted using Unified System for Automation and Robot Simulation (USARSim) and Player/Stage. The results of USARSim based simulations prove the advantages of integrating GPS measurements. Player/Stage based simulations show the advantages of integrating Received Signal Strength Indicator (RSSI) measurements obtained from WSN interfaces. In addition to the simulation studies, field tests with a custom-built Corobot autonomous robot platform will be realized to prove the effectiveness of the methods."
REC_1035,An improved selective correction adaptive particle filter-based cooperative navigation algorithm for UAV swarms in GNSS-denied areas,"In Global Navigation Satellite System-denied environments, positioning accuracy is critical for unmanned aerial vehicle (UAV) swarms. A particle filter-based cooperative localization algorithm is proposed to improve UAV positioning accuracy. To address the issues of particle impoverishment and loss of diversity inherent in traditional particle filters, a selective correction adaptive particle filter (SCA-PF) with an enhanced resampling strategy is introduced. First, the algorithm incorporates a threshold-based resampling improvement to mitigate particle impoverishment common in conventional particle filters. Second, an adaptive threshold feedback strategy, based on the residual variation rate, dynamically adjusts the weight threshold to more effectively select high-weight particles. Additionally, a firefly-inspired attraction mechanism is applied to fine-tune neighboring particles, thereby improving convergence and robustness under complex noise conditions. Simulation results demonstrate that the adaptive threshold strategy increases localization accuracy by an additional 10% over fixed-threshold methods. The proposed SCA-PF enhances cooperative navigation accuracy by approximately 15% compared to other algorithms. © 2026 IOP Publishing Ltd. All rights, including for text and data mining, AI training, and similar technologies, are reserved. This article is available under the terms of the https://publishingsupport.iopscience.iop.org/iop-standard/v1."
REC_1117,Enhancing Visual–Inertial Odometry Robustness and Accuracy in Challenging Environments,"Visual–Inertial Odometry (VIO) algorithms are widely adopted for autonomous drone navigation in GNSS-denied environments. However, conventional monocular and stereo VIO setups often lack robustness under challenging environmental conditions or during aggressive maneuvers, due to the sensitivity of visual information to lighting, texture, and motion blur. In this work, we enhance an existing open-source VIO algorithm to improve both the robustness and accuracy of the pose estimation. First, we integrate an IMU-based motion prediction module to improve feature tracking across frames, particularly during high-speed movements. Second, we extend the algorithm to support a multi-camera setup, which significantly improves tracking performance in low-texture environments. Finally, to reduce the computational complexity, we introduce an adaptive feature selection strategy that dynamically adjusts the detection thresholds according to the number of detected features. Experimental results validate the proposed approaches, demonstrating notable improvements in both accuracy and robustness across a range of challenging scenarios. © 2025 by the authors."
REC_1150,NaviLoc: Trajectory-Level Visual Localization for GNSS-Denied UAV Navigation,"Highlights: What are the main findings? NaviLoc enables training-free GNSS-denied aerial-to-satellite localization using trajectory-level fusion of image matching and motion sensing. On low-altitude (50–150 m) rural UAV flights, NaviLoc achieves a 19.5 m Mean Localization Error (16.0× better than prior state-of-the-art). What are the implications of the main finding? Trajectory-level optimization handles visually repetitive rural environments, enabling reliable GPS-free navigation. The lightweight algorithm enables real-time CPU-only deployment (9 FPS on Raspberry Pi 5), supporting embedded autonomy. Aerial-to-satellite visual localization enables GNSS-denied UAV navigation, but the appearance gap between low-altitude (50–150 m) UAV imagery and nadir satellite tiles makes per-frame Visual Place Recognition (VPR) unreliable. Under perceptual aliasing, high-similarity matches are often geographically inconsistent, so naïve anchoring fails. We introduce NaviLoc, a training-free three-stage trajectory-level estimator that treats VPR as a noisy measurement source and exploits Visual-Inertial Odometry (VIO) as a relative-motion prior. Stage 1 (Global Align) estimates a global SE(2) transform by maximizing an explicit trajectory-level similarity objective. Stage 2 (Refinement) performs sliding-window bounded weighted Procrustes updates. Stage 3 (Smoothing) computes a strictly convex MAP trajectory estimate that fuses VIO displacements with VPR anchors while clamping detected outliers. On a challenging low-altitude rural UAV benchmark, NaviLoc attains 19.5 m Mean Localization Error (MLE)—a 16.0× reduction compared to state-of-the-art localization method AnyLoc-VLAD, and 32.1× compared to raw VIO drift. End-to-end inference runs at 9 FPS on Raspberry Pi 5, enabling real-time embedded deployment. © 2026 by the authors."
REC_1207,GPS-denied indoor and outdoor monocular vision aided navigation and control of unmanned aircraft,"GPS-denied closed-loop autonomous control of unstable Unmanned Aerial Vehicles (UAVs) such as rotorcraft using information from a monocular camera has been an open problem. Most proposed Vision aided Inertial Navigation Systems (V-INSs) have been too computationally intensive or do not have sufficient integrity for closed-loop flight. We provide an affirmative answer to the question of whether V-INSs can be used to sustain prolonged real-world GPS-denied flight by presenting a V-INS that is validated through autonomous flight-tests over prolonged closed-loop dynamic operation in both indoor and outdoor GPS-denied environments with two rotorcraft unmanned aircraft systems (UASs). The architecture efficiently combines visual feature information from a monocular camera with measurements from inertial sensors. Inertial measurements are used to predict frame-to-frame transition of online selected feature locations, and the difference between predicted and observed feature locations is used to bind in real-time the inertial measurement unit drift, estimate its bias, and account for initial misalignment errors. A novel algorithm to manage a library of features online is presented that can add or remove features based on a measure of relative confidence in each feature location. The resulting V-INS is sufficiently efficient and reliable to enable real-time implementation on resource-constrained aerial vehicles. The presented algorithms are validated on multiple platforms in real-world conditions: through a 16-min flight test, including an autonomous landing, of a 66 kg rotorcraft UAV operating in an unconctrolled outdoor environment without using GPS and through a Micro-UAV operating in a cluttered, unmapped, and gusty indoor environment. © 2013 Wiley Periodicals, Inc."
REC_1210,"Experiments in Fast, Autonomous, GPS-Denied Quadrotor Flight","High speed navigation through unknown environments is a challenging problem in robotics. It requires fast computation and tight integration of all the subsystems on the robot such that the latency in the perception-action loop is as small as possible. Aerial robots add a limitation of payload capacity, which restricts the amount of computation that can be carried onboard. This requires efficient algorithms for each component in the navigation system. In this paper, we describe our quadrotor system which is able to smoothly navigate through mixed indoor and outdoor environments and is able to fly at speeds of more than 18 m/s. We provide an overview of our system and details about the specific component technologies that enable the high speed navigation capability of our platform. We demonstrate the robustness of our system through high speed autonomous flights and navigation through a variety of obstacle rich environments. © 2018 IEEE."
REC_1233,Tightly-Coupled Air-Ground Collaborative System for Autonomous UGV Navigation in GPS-Denied Environments,"Highlights: What are the main findings? A stateful, ID-based mapping mechanism prevents data redundancy from video streams by assigning a unique ID to each detected obstacle, ensuring it is recorded on the global map only once. An obstacle inflation algorithm translates an abstract obstacle map into a robust, navigation-ready map. Artificially expanding the footprint of each obstacle based on the UGV’s physical dimensions ensures that any planned path is collision-free. What are the implications of the main findings? The ID-based filtering guarantees a clean and non-redundant map, which is crucial for effective path planning. This prevents the system from becoming confused by repeatedly mapping static objects, which would otherwise render the map unusable. The obstacle inflation process ensures that the theoretically optimal path found by the A* algorithm is also physically safe for the UGV. This is a critical step that bridges the gap between abstract planning and real-world execution by preventing the UGV’s body from colliding with obstacles. Autonomous navigation for unmanned vehicles in complex, unstructured environments remains challenging, especially in GPS-denied or obstacle-dense scenarios, limiting their practical deployment in logistics, inspection, and emergency response applications. To overcome these limitations, this paper presents a tightly integrated air-ground collaborative system comprising three key components: (1) an aerial perception module employing a YOLOv8-based vision system onboard the UAV to generate real-time global obstacle maps; (2) a low-latency communication module utilizing FAST DDS middleware for reliable air-ground data transmission; and (3) a ground navigation module implementing an A* algorithm for optimal path planning coupled with closed-loop control for precise trajectory execution. The complete system was physically implemented using cost-effective hardware and experimentally validated in cluttered environments. Results demonstrated successful UGV autonomous navigation and obstacle avoidance relying exclusively on UAV-provided environmental data. The proposed framework offers a practical, economical solution for enabling robust UGV operations in challenging real-world conditions, with significant potential for diverse industrial applications. © 2025 by the authors."
REC_1310,Enhancing Autonomous Navigation in GNSS-Denied Environment: Obstacle Avoidance Observability-Based Path Planning for ASLAM,"Obstacle avoidance (OA) is necessary for any path planning in outdoor environment to prevent any collision with the obstacles in natural environment. In this paper, a quadrotor navigates using Active Simultaneously Localization and Mapping (ASLAM) in GNSS-denied outdoor environment. In ASLAM, the quadrotor path is defined using real-time Observability Based Path Planning (OBPP) method, autonomously. To prepare using of the OBPP in outdoor environment, it is necessary to add the ability of OA to it. So, the OA-OBPP method is introduced which defines the path based on terrestrial landmarks while preventing any collision with the obstacles. This approach is developed by redefining a dataset of in range landmarks while all of the landmark in the vicinity of the obstacles are removed from the in-range landmarks dataset. To evaluate the performance of the proposed method, simulations of the OA-OBPP algorithm are conducted for a simplified 6-Degree of Freedom (DOF) quadrotor using MATLAB. The simulations evaluate the efficiency, accuracy and robustness of the proposed method. Results across various scenarios show that the method effectively avoids collisions with obstacles while simultaneously determining a path to the goal. Additionally, a comparison of the position estimation RMSE with Monte Carlo PP highlights the accuracy of the OA-OBPP. The robustness of the method, tested with varying initial positions, demonstrates its success in real-time path planning (PP) from any starting point to the destination without collisions. The results confirm that the OA-OBPP enhances the robot's capability to perform real-time, autonomous, and robust path planning in outdoor environments, even in the absence of GNSS signals, through visual navigation. © 2024 Department of Agribusiness, Universitas Muhammadiyah Yogyakarta. All rights reserved."
REC_1331,"Model-Based RL Decision-Making for UAVs Operating in GNSS-Denied, Degraded Visibility Conditions with Limited Sensor Capabilities","Autonomy in Unmanned Aerial Vehicle (UAV) navigation has enabled applications in diverse fields such as mining, precision agriculture, and planetary exploration. However, challenging applications in complex environments complicate the interaction between the agent and its surroundings. Conditions such as the absence of a Global Navigation Satellite System (GNSS), low visibility, and cluttered environments significantly increase uncertainty levels and cause partial observability. These challenges grow when compact, low-cost, entry-level sensors are employed. This study proposes a model-based reinforcement learning (RL) approach to enable UAVs to navigate and make decisions autonomously in environments where the GNSS is unavailable and visibility is limited. Designed for search and rescue operations, the system enables UAVs to navigate cluttered indoor environments, detect targets, and avoid obstacles under low-visibility conditions. The architecture integrates onboard sensors, including a thermal camera to detect a collapsed person (target), a 2D LiDAR and an IMU for localization. The decision-making module employs the ABT solver for real-time policy computation. The framework presented in this work relies on low-cost, entry-level sensors, making it suitable for lightweight UAV platforms. Experimental results demonstrate high success rates in target detection and robust performance in obstacle avoidance and navigation despite uncertainties in pose estimation and detection. The framework was first assessed in simulation, compared with a baseline algorithm, and then through real-life testing across several scenarios. The proposed system represents a step forward in UAV autonomy for critical applications, with potential extensions to unknown and fully stochastic environments. © 2025 by the authors."
REC_1386,LightdenseYOLO: A fast and accurate marker tracker for autonomous UAV landing by visible light camera sensor on drone,"Autonomous landing of an unmanned aerial vehicle or a drone is a challenging problem for the robotics research community. Previous researchers have attempted to solve this problem by combining multiple sensors such as global positioning system (GPS) receivers, inertial measurement unit, and multiple camera systems. Although these approaches successfully estimate an unmanned aerial vehicle location during landing, many calibration processes are required to achieve good detection accuracy. In addition, cases where drones operate in heterogeneous areas with no GPS signal should be considered. To overcome these problems, we determined how to safely land a drone in a GPS-denied environment using our remote-marker-based tracking algorithm based on a single visible-light-camera sensor. Instead of using hand-crafted features, our algorithm includes a convolutional neural network named lightDenseYOLO to extract trained features from an input image to predict a marker’s location by visible light camera sensor on drone. Experimental results show that our method significantly outperforms state-of-the-art object trackers both using and not using convolutional neural network in terms of both accuracy and processing time. © 2018 by the authors. Licensee MDPI, Basel, Switzerland."
REC_1430,Self-Localization of Anonymous UGVs Using Deep Learning from Periodic Aerial Images for a GPS-Denied Environment,"This work concerns the autonomous navigation of non-holonomic ground mobile robots in a GPS-denied environment. The objective was to locate, in a global frame, without GPS, anonymous ground mobile robots starting from two consecutive aerial images captured by a single fixed webcam. The effectiveness of deep learning by a MultiLayer Perceptron in an indexed localization was compared to the methods studied in previous works. The ability of a robot to determine the position of other non-indexed robots was also performed. The structure and parameters of the network and the choice of the points taken into account during the learning phase to obtain a local optimum are presented. The results, obtained from simulated and experimental data, are compared to those obtained with more classical methods for different sampling periods (time between images). © 2024 by the authors."
REC_1437,Absolute Visual Localization for Aerial Vehicles Based on Deep Learning Image Matching,"The range of applications for aerial vehicles is expanding rapidly, encompassing various fields such as transportation, security, rescue, and mapping. The foundation for the execution of these tasks is accurate localization. The prevailing localization method for aerial vehicles is currently reliant on the Global Navigation Satellite System (GNSS). However, this method is vulnerable to disruptions caused by occlusion or interference, particularly in environments such as mountainous regions, forests, and urban canyons. Inertial navigation systems and visual odometers are commonly employed in GNSS-denied environments; however, their long-term accuracy is poor due to error accumulation. Absolute visual localization, based on image matching, exhibits superior long-term accuracy and does not require external devices, making it a suitable alternative when GNSS is unavailable. Additionally, deep learning has demonstrated remarkable potential in image matching, offering higher accuracy compared to traditional methods. The proposed methodology utilizes a deep learning-based image matching technique, employing the LoFTR model to match features on rectified aerial images and segmented satellite maps. Addressing the sensitivity of the conventional regional perspective transformation to nonlinear image differences, a central perspective transformation is proposed to calculate the precise position of the aerial vehicle on the map. The experimental results, obtained from flights at an altitude of 500 m, demonstrate that the proposed method, with a spatial resolution of 1.1 m for the aerial images and 2.4 m for the map blocks, exhibits a mean absolute error of 17.39 m. This outcome signifies a 54.55% reduction in error when contrasted with the conventional approach on the same dataset, attaining a level of accuracy comparable to that of general GNSS localization. Furthermore, the proposed method exhibits robustness to seasonal alterations in ground scene, providing an accurate and reliable solution for aerial vehicle localization in GNSS-denied environments. © 2024 Copyright held by the owner/author(s)."
REC_1467,Tightly-Coupled EKF-Based Radar-Inertial Odometry,"Multicopter Unmanned Aerial Vehicles (UAV) are small and agile robots with the potential to become prominent in performing autonomous tasks in various Global Navigation Satellite System (GNSS)-denied environments. These environments can potentially be rendered even more challenging due to external factors impairing the robot's perception, such as low or too bright light, permeation with aerosols or smoke. A precondition of autonomous operation, though, is the ability of a robot to accurately localize itself in the surrounding environment. Millimeter-wave Frequency Modulated Continuous Wave (FMCW) radar sensors are resilient to the aforementioned factors while being lightweight, inexpensive and highly accurate. In this paper, we present a Radar-Inertial Odometry (RIO) method for estimating the full 6DoF pose and 3D velocity of a UAV. In an Extended Kalman Filter (EKF) framework, we fuse range measurements and velocity measurements of 3D points detected by an FMCW radar sensor together with Inertial Measurement Unit (IMU) readings. In real experiments we show that our approach enables accurate state estimation of a UAV and that it exhibits improvements over similar existing state-of-the-art method. © 2022 IEEE."
REC_1509,Radar Based Autonomous Precision Takeoff and Landing System for VTOLs in GNSS Denied Environments,"Current research on Vertical Takeoff and Landing Vehicles (VTOLs) like urban air mobility, parcel delivery, search and rescue or human aid require precise autonomous takeoff and landing systems. Safe and reliable flight operations have to be ensured even for challenging conditions like fog, night or direct sunlight. In addition, robust, low-cost and low-maintenance infrastructure is required. Since using the Global Navigation Satellite System (GNSS) is not reliable in particular close to landing areas due to multi path errors or jamming, an GNSS denied navigation technique is required.This paper presents a radar based autonomous takeoff and landing system for VTOLs. The localization system requires only passive radar reflectors on the ground. A standard automotive radar, as used for driver assistance systems, is applied for detection. Fusion with an Inertial Measurement Unit (IMU) further improves the localization accuracy. A dedicated landing platform is developed along with a flight guidance such that autonomous precision takeoff and landing can be conducted.Our system has been tested in extensive flight experiments. Indoor flight experiments proved the overall system performance even with bad visual conditions which we simulated with a fog machine. The system achieved a high localization accuracy with a mean absolute error below 0.1 m. All test flights resulted in a successful landing in the center of our landing platform. © 2020 IEEE."
REC_1517,Ultra-Wideband Implementation of Object Detection Through Multi-UAV Navigation with Particle Swarm Optimization,"Unmanned aerial vehicles (UAV) are widely used in literature for object detection utilizing convolutional neural networks (CNN). However, most UAVs make use of GNSS sensors for localization, which have low reception in indoor situations. Therefore, this study aimed to investigate the implementation of a multi-UAV object detection system and navigation with the aid of particle swarm optimization (PSO) in ultra-wideband (UWB) positioning systems for GNSS-denied environments, such as inside factories and warehouses. The performance of UWB systems was investigated to determine its viability in the PSO model. An object detection system based on the YOLOv5 network was trained with custom training images and subsequently evaluated with test images. The results of the object detection network were fed as inputs into PSO algorithms. Furthermore, different PSO algorithms were evaluated to determine the suitability for multi-UAV navigation and object detection. The results showed that UWB systems had sufficient accuracy for indoor localization, object detection, and navigation applications. YOLOv5 detection model detected objects with an F1 score of 0.93, given the optimal threshold of 0.8. Regarding the evaluation of PSO algorithms, the stochastic inertia weight variant of PSO algorithms (Sto-IW PSO) performed effectively across all metrics considered in the study compared to other algorithms that only performed effectively in one. Recommendations included the actual implementation of the system with multiple UAVs through field experiments and further refinements to PSO algorithms in order to match the kinematics and response time of the UAVs. © (2024), (Faculty of Engineering). All rights reserved."
REC_1519,Employing smartphone as on-board navigator in unmanned aerial vehicles: Implementation and experiments,"Purpose: This study aims to investigate if smartphone sensors can be used in an unmanned aerial vehicle (UAV) localization system. With the development of technology, smartphones have been tentatively used in micro-UAVs due to their lightweight, inexpensiveness and flexibility. In this study, a Samsung Galaxy S3 smartphone is selected as an on-board sensor platform for UAV localization in Global Positioning System (GPS)-denied environments and two main issues are investigated: Are the phone sensors appropriate for UAV localization? If yes, what are the boundary conditions of employing them? Design/methodology/approach: Efficient accuracy estimation methodologies for the phone sensors are proposed without using any expensive instruments. Using these methods, one can estimate his phone sensors accuracy at any time without special instruments. Then, a visual-inertial odometry scheme is introduced to evaluate the phone sensors-based path estimation performance. Findings: Boundary conditions of using smartphone in a UAV navigation system are found. Both indoor and outdoor localization experiments are carried out and experimental results validate the effectiveness of the boundary conditions and the corresponding implemented scheme. Originality/value: With the phone as a payload, UAVs can be further realized in smaller scale at lower cost, which will be used widely in the field of industrial robots. © Emerald Group Publishing Limited [ISSN 0143-991X]."
REC_1555,Bounding visual odometry drift with radio range data for small unmanned aerial vehicles,"Vision-aided navigation for unmanned aerial vehicles (UAVs) is a well-researched topic. Global Navigation Satellite System (GNSS) information is valuable and used on a routine basis, however having multiple methods of obtaining navigation information for small UAVs is desirable. One popular method of utilizing vision information for UAV navigation is that of Visual Odometry (VO), even though without additional aides, position drift is unbounded for this approach. This study investigates the amount of additional information that is required to bound the position drift for a UAV that is using a VO algorithm at the heart of its navigation solution. The proposed method is to utilize a pair of ranging radios between a GNSS denied UAV navigating with VO and another UAV that has access to good GNSS information, giving it a known location. A flight test recreating this scenario was performed in July 2017 and the data are used to demonstrate the proposed concept. In addition to test data, an analytic observability analysis is presented. © 2018 Institute of Navigation. All rights reserved."
REC_1564,Ultra-wideband based cooperative relative localization algorithm and experiments for multiple unmanned aerial vehicles in GPS denied environments,"This article puts forward an indirect cooperative relative localization method to estimate the position of unmanned aerial vehicles (UAVs) relative to their neighbors based solely on distance and self-displacement measurements in GPS denied environments. Our method consists of two stages. Initially, assuming no knowledge about its own and neighbors’ states and limited by the environment or task constraints, each unmanned aerial vehicle (UAV) solves an active 2D relative localization problem to obtain an estimate of its initial position relative to a static hovering quadcopter (a.k.a. beacon), which is subsequently refined by the extended Kalman filter to account for the noise in distance and displacement measurements. Starting with the refined initial relative localization guess, the second stage generalizes the extended Kalman filter strategy to the case where all unmanned aerial vehicles (UAV) move simultaneously. In this stage, each unmanned aerial vehicle (UAV) carries out cooperative localization through the inter-unmanned aerial vehicle distance given by ultra-wideband and exchanging the self-displacements of neighboring unmanned aerial vehicles (UAV). Extensive simulations and flight experiments are presented to corroborate the effectiveness of our proposed relative localization initialization strategy and algorithm. © 2017, © The Author(s) 2017."
REC_1651,Fusing stereo camera and low-cost inertial measurement unit for autonomous navigation in a tightly-coupled approach,"Exact motion estimation is a major task in autonomous navigation. The integration of Inertial Navigation Systems (INS) and the Global Positioning System (GPS) can provide accurate location estimation, but cannot be used in a GPS denied environment. In this paper, we present a tight approach to integrate a stereo camera and low-cost inertial sensor. This approach takes advantage of the inertial sensor's fast response and visual sensor's slow drift. In contrast to previous approaches, features both near and far from the camera are simultaneously taken into consideration in the visual-inertial approach. The near features are parameterised in three dimensional (3D) Cartesian points which provide range and heading information, whereas the far features are initialised in Inverse Depth (ID) points which provide bearing information. In addition, the inertial sensor biases and a stationary alignment are taken into account. The algorithm employs an Iterative Extended Kalman Filter (IEKF) to estimate the motion of the system, the biases of the inertial sensors and the tracked features over time. An outdoor experiment is presented to validate the proposed algorithm and its accuracy. © 2014 The Royal Institute of Navigation."
REC_1658,Rapid Initialization Method of Unmanned Aerial Vehicle Swarm Based on VIO-UWB in Satellite Denial Environment,"In environments where satellite signals are blocked, initializing UAV swarms quickly is a technical challenge, especially indoors or in areas with weak satellite signals, making it difficult to establish the relative position of the swarm. Two common methods for initialization are using the camera for joint SLAM initialization, which increases communication burden due to image feature point analysis, and obtaining a rough positional relationship using prior information through a device such as a magnetic compass, which lacks accuracy. In recent years, visual–inertial odometry (VIO) technology has significantly progressed, providing new solutions. With improved computing power and enhanced VIO accuracy, it is now possible to establish the relative position relationship through the movement of drones. This paper proposes a two-stage robust initialization method for swarms of more than four UAVs, suitable for larger-scale satellite denial scenarios. Firstly, the paper analyzes the Cramér–Rao lower bound (CRLB) problem and the moving configuration problem of the cluster to determine the optimal anchor node for the algorithm. Subsequently, a strategy is used to screen anchor nodes that are close to the lower bound of CRLB, and an optimization problem is constructed to solve the position relationship between anchor nodes through the relative motion and ranging relationship between UAVs. This optimization problem includes quadratic constraints as well as linear constraints and is a quadratically constrained quadratic programming problem (QCQP) with high robustness and high precision. After addressing the anchor node problem, this paper simplifies and improves a fast swarm cooperative positioning algorithm, which is faster than the traditional multidimensional scaling (MDS) algorithm. The results of theoretical simulations and actual UAV tests demonstrate that the proposed algorithm is advanced, superior, and effectively solves the UAV swarm initialization problem under the condition of a satellite signal rejection. © 2024 by the authors."
