id,in_master_csv,parsed,chars,thin_text,ate_topic,ate_numeric,ate_numeric_value,ate_numeric_unit,rmse_topic,rmse_numeric,rpe_topic,rpe_numeric,drift_numeric,success_rate_numeric,poserr_numeric,loose_accuracy_phrase,any_accuracy_numeric,snippet
REC_0001,True,True,19845,False,False,False,,,False,False,False,False,False,False,False,True,False,l architecture is illustrated in Fig. 1. During the offline sta
REC_0003,True,True,21196,False,False,False,,,True,False,False,False,False,False,False,True,False,nce it is 499% more accurate than ORB-SLAM3 and 36% compared to OpenVSLAM.
REC_0006,True,True,16644,False,False,False,,,False,False,False,False,False,False,False,True,False,t do not rely solely on satellite-based positioning [1]. Most autonomous naviga
REC_0008,True,True,27538,False,False,False,,,False,False,False,False,False,False,False,True,False,"ment Gazebo, with a simulated 3DR iris UAV platform usin"
REC_0010,True,True,26171,False,False,False,,,False,False,False,False,False,False,False,True,False,"s added to the maximum lateral error, based on (1), resulting in the total"
REC_0013,True,True,28027,False,False,False,,,False,False,False,False,False,False,False,True,False,ran experiments on simulated groups of 10 drones. The setup cut d
REC_0017,True,True,26312,False,False,False,,,False,False,False,False,False,False,False,True,False,"g system is active, accurate, however, a typical 3D Lidar sensor is not sui"
REC_0022,True,True,23607,False,False,False,,,False,False,False,False,False,False,False,True,False,"he point with the coordinate pU(1) = (0, R, h)⊤, where R is the"
REC_0023,True,True,41612,False,False,False,,,False,False,False,False,False,False,True,True,True,own in Figure 11. A ﬁnal position error of 0.4857m was estimated for the ro
REC_0025,True,True,30113,False,False,False,,,False,False,False,False,False,False,False,True,False,ion around ϕxy as illustrated in Fig. 4(a). An uniform distribut
REC_0028,True,True,81158,False,False,False,,,False,False,False,False,False,True,False,True,True,"ication August 2, 2021. Date of publication August 10, 2021; date of current version"
REC_0035,True,True,26578,False,True,True,0.071,m,False,False,False,False,False,False,False,True,True,"erage translation error (ATE) of Hector SLAM is 0.071 m, whereas ATE of Cartogra"
REC_0037,True,True,20123,False,False,False,,,True,False,False,False,False,False,True,True,True,"ated against RTK GNSS, a positioning error of 10 m (MAE) and 14 m (RMSE) in"
REC_0041,True,True,62560,False,True,False,,,True,False,False,False,False,False,False,True,False,PRESENTED BY THE RMSE OF ATE TABLE IV COMPARISON OF T
REC_0043,True,True,27106,False,False,False,,,False,False,False,False,False,False,False,True,False,. proposed a real-time state estimation method using 2D LiDAR which can produc
REC_0053,True,True,54190,False,False,False,,,True,False,False,False,False,False,False,True,False,sed 1.2 million photos categorized into 1000 categories (109 to 1010 connections and 107 to 1
REC_0057,True,True,25428,False,False,False,,,False,False,False,False,False,False,False,True,False,ent works have demon- strated the capabilities of 3D simulations. OpenSim [5
REC_0064,True,True,87767,False,False,False,,,False,False,False,False,False,False,False,True,False,"Date of publication xxxx 00, 0000, date of current version"
REC_0065,True,True,30401,False,False,False,,,False,False,False,False,False,False,False,True,False,"king moving objects accurately for a minimum time of 10 seconds, performing prec"
REC_0066,True,True,27427,False,False,False,,,False,False,False,False,False,False,False,True,False,"2 meters, with an error rate of 10%. The drone’s relative s"
REC_0071,True,True,20808,False,False,False,,,False,False,False,False,False,False,False,True,False,The concept was demonstrated during the ParcelCopter 3.0 project in the Ba- varia
REC_0077,True,True,41367,False,False,False,,,True,False,False,False,False,True,False,True,True,al path planning incorporates 6- DOF vehicle motion to f
REC_0080,True,True,28390,False,False,False,,,False,False,False,False,False,False,False,True,False,m processing board; (2) lateral stereo pairs; (3) down-looking stereo pai
REC_0084,True,True,42422,False,False,False,,,False,False,False,False,False,False,False,True,False,"ther than detection of water [11]. For this reason, many"
REC_0095,True,True,92052,False,False,False,,,True,False,False,False,False,False,False,True,False,"pted November 19, 2021. Date of publication November 23, 2021; date of current version"
REC_0096,True,True,27542,False,False,False,,,False,False,False,False,False,False,False,True,False,of transceivers is calculated. This process is illustrated in Fig. 1. The main contribution o
REC_0102,True,True,29520,False,False,False,,,False,False,False,False,False,False,False,True,False,gation holdover and mitigate cumulative drifts [14]. Building on these adva
REC_0107,True,True,21737,False,False,False,,,True,True,False,False,False,False,False,True,True,"m performance, as the 2D RMSE reached 1.95 m. Fig. 10. The estimat"
REC_0111,True,True,26066,False,False,False,,,True,False,False,False,False,False,False,True,False,"scale factor may be updated regularly. In [8], a solution for scale f"
REC_0115,True,True,23483,False,False,False,,,False,False,False,False,False,False,False,False,False,
REC_0118,True,True,28650,False,False,False,,,True,True,False,False,False,False,False,True,True,"ime is about 14.7 s. The RMSE of position in the x, y and z axes 4.6cm, 6.8cm and 5.4cm respect"
REC_0123,True,True,24274,False,False,False,,,False,False,False,False,False,False,False,True,False,can provide highly accurate 3D information about the e
REC_0131,True,True,24157,False,False,False,,,True,True,False,False,False,False,False,True,True,"es that typically report RMSE values in the range of 0.07–0.10 m [11], [12] for quadrotor"
REC_0138,True,True,62156,False,False,False,,,False,False,False,False,False,False,False,True,False,"pted December 17, 2018. Date of publication January 1, 2019; date of current version"
REC_0149,True,True,25606,False,False,False,,,False,False,False,False,False,False,True,True,True,"tion accuracy, with most positioning errors ranging between 5 m and 15 m using only visi"
REC_0155,True,True,48139,False,False,False,,,True,True,False,False,False,False,False,True,True,.13 m and its overall 3D RMSE was 0.34 m. The 3D RMSE of LiDAR re
REC_0161,True,True,30268,False,False,False,,,True,True,False,False,False,False,False,True,True,"Root Mean Square Error (RMSE) of just 0.13 m. Notably, this performan"
REC_0165,True,True,9360,False,False,False,,,False,False,False,False,False,False,False,True,False,intly optimize Drone-to-Satellite (D2S) (2) and Satellite-to-Drone
REC_0179,True,True,20371,False,False,False,,,True,True,False,False,False,False,False,True,True,ing of the UAV with the RMSE under 36 cm using only a single beac
REC_0195,True,True,44299,False,False,False,,,False,False,False,False,False,False,False,True,False,"Science and Technology later released VINS-Fusion [21], which supports multi-"
REC_0196,True,True,25397,False,False,False,,,False,False,False,False,False,False,False,True,False,ation is a process to create a 3-D probabilistic occupanc
REC_0202,True,True,16956,False,False,False,,,False,False,False,False,False,False,False,True,False,te the problem of accumulated errors in positioning [4].With the increase of fl
REC_0208,True,True,43689,False,False,False,,,False,False,False,False,False,False,False,True,False,"pted December 28, 2020, date of publication December 31, 2020, date of current version"
REC_0211,True,True,61998,False,False,False,,,True,True,False,False,False,False,True,True,True,"stable performance, with RMSE increasing by 4.20 m. In comparison, baseline"
REC_0213,True,True,46690,False,False,False,,,False,False,False,False,False,False,False,True,False,".2) to ﬁnd the target located in either P3 = (−7.0, 10.0, 0.0) or P4 = (9.0, 6.0, 0.0)"
REC_0215,True,True,25456,False,False,False,,,False,False,False,False,False,False,False,True,False,"vision information separately, and 2) fusing the estimations"
REC_0218,True,True,51146,False,False,False,,,False,False,False,False,False,False,False,True,False,"stimation on nonlinear state spaces [26]. For fixed-wing UAVs, a"
REC_0239,True,True,22281,False,False,False,,,False,False,False,False,False,False,True,True,True,"n Fig. 5, the horizontal position errors are mostly within ±0.2 m according to the scatter"
REC_0246,True,True,28476,False,False,False,,,False,False,False,False,False,False,False,True,False,"neering at California State Polytechnic University, Pomona, CA 91768 USA (e-mail: lqngo@cpp."
REC_0255,True,True,23255,False,False,False,,,False,False,False,False,False,False,False,True,False,rk [5] successfully estimates the 6DoF mo­ tion of a monocul
REC_0264,True,True,46872,False,False,False,,,False,False,False,False,False,True,False,True,True,"amera’s FOV if the calculated sum is equal to 2π. In this paper, it is a"
REC_0271,True,True,26757,False,False,False,,,False,False,False,False,False,False,False,True,False,ometry are always integrated with other sensors like IMU [11] to estimate this unkno
REC_0274,True,True,34021,False,False,False,,,False,False,False,False,False,False,False,True,False,"nce, and cooperative strategies. Figure 1 illustrates this classif"
REC_0278,True,True,32797,False,False,False,,,False,False,False,False,False,False,False,True,False,"ating INS with GPS mitigates these issues [1]–[3], offering enhanced acc"
REC_0281,True,True,33226,False,False,False,,,True,False,False,False,False,False,False,True,False,oach we follow is illustrated in figure 1. The UAV can be detected
REC_0289,True,True,19900,False,False,False,,,False,False,False,False,False,False,False,True,False,and the results demonstrate that the 3D LiDAR SLAM system achie
REC_0294,True,True,35424,False,False,False,,,False,False,False,False,False,False,False,True,False,ation and velocity estimates of the last 5 seconds of GNSS aided fl
REC_0296,True,True,16679,False,False,False,,,False,False,False,False,False,False,False,True,False,output high frequency state estimate as shown in the Fig. 2. A high rate attitude e
REC_0305,True,True,27202,False,False,False,,,True,False,False,False,False,False,False,True,False,e proposed method and related details. Section 3 decribes the fusion of C
REC_0318,True,True,26483,False,False,False,,,False,False,False,False,False,False,False,True,False,s topic fall into three categories: 1) analysis of multiple v
REC_0332,True,True,29873,False,False,False,,,False,False,False,False,False,False,False,True,False,ll system weighs approximately 2.9kg. B. IR Camera and Came
REC_0343,True,True,56838,False,False,False,,,False,False,False,False,False,False,False,True,False,g behavior was ﬁrst simulated on a computer in 1987 by Reynolds [2] with an
REC_0345,True,True,24627,False,False,False,,,False,False,False,False,False,False,False,True,False,of 3D features are estimated. Langelaan [6] has presented a framewo
REC_0346,True,True,35097,False,False,False,,,False,False,False,False,False,False,False,True,False,"erate high-dimensional state lattices [12], which are searched usi"
REC_0363,True,True,33253,False,False,False,,,True,True,False,False,False,False,False,True,True,"m the reference with 2D RMSE of 513.66 m, while the tactical-grad"
REC_0369,True,True,50602,False,False,False,,,False,False,False,False,False,False,True,True,True,"m. The RMS value of the position error is 0.0519 m in x-direction, 0.0428 m"
REC_0388,True,True,193389,False,False,False,,,False,False,False,False,False,False,False,True,False,ation 25 December 2025; date of current version 2 February 2026. This work was supported
REC_0391,True,True,70559,False,False,False,,,True,True,False,False,False,False,True,True,True,"uence. At this time, the RMSE of the CT method was close to 9 m after multiple experimen"
REC_0409,True,True,31650,False,False,False,,,False,False,False,False,False,False,False,True,False,"In these settings, accurate and timely 3D maps are essential for"
REC_0426,True,True,27477,False,False,False,,,False,False,False,False,False,False,False,True,False,state machine and associated inputs are shown in Figure 6 and described in the fol
REC_0438,True,True,25853,False,False,False,,,False,False,False,False,False,False,False,True,False,izontal positional estimates with a standard deviation of 6.5cm have been achieved ex
REC_0444,True,True,37553,False,False,False,,,False,False,False,False,False,False,False,True,False,d to obtain a relative state estimate of other agents. [17] uses computer vision to
REC_0455,True,True,32556,False,False,False,,,True,True,False,False,False,False,False,True,True,60 80 100 -10 -5 0 5 10 RMSE=5.6859m True Position Estimate
REC_0459,True,True,34488,False,False,False,,,False,False,False,False,False,False,False,True,False,e cameras placed approximately 160 degrees apart and four p
REC_0464,True,True,35256,False,False,False,,,False,False,False,False,False,False,False,True,False,nformation into global state estimates. Figure 2 shows the relative navig
REC_0469,True,True,34856,False,False,False,,,False,False,False,False,True,False,True,True,True,a maximum end effector position error of 0.01m. The second test which
REC_0475,True,True,33306,False,False,False,,,False,False,False,False,False,False,False,True,False,stimate target’s approximate positioning. Thus [11] may gen- erate serious
REC_0481,True,True,46290,False,False,False,,,False,False,False,False,False,False,False,True,False,monstrat- ing reliable state classification and accurate 3D trajectory forecasting.
REC_0485,True,True,38063,False,False,False,,,False,False,False,False,False,False,False,True,False,hat need robust and accurate 6-DOF pose estimations for
REC_0489,True,True,64349,False,False,False,,,False,False,False,False,False,False,False,True,False,"tion February 16, 2022; date of current version May 20, 2022. This work was supported"
REC_0502,True,True,99022,False,True,False,,,True,True,False,False,False,False,True,True,True,solute trajectory error (ATE) metric to estimate posi
REC_0503,True,True,39773,False,False,False,,,True,True,False,False,False,False,True,True,True,"oot-mean- squares error (RMSE) of 0.41 and 0.38 m in the z-direction, impl"
REC_0534,True,True,31882,False,False,False,,,False,False,False,False,False,False,False,True,False,m 50m away and then accurately land on a 1.5m×2m large platform. In summ
REC_0537,True,True,25714,False,False,False,,,False,False,False,False,False,False,False,True,False,"etization, which exacerbates the accumulation of drift over time [6] [7]. Over the years, s"
REC_0544,True,True,41522,False,False,False,,,False,False,False,False,False,False,False,True,False,lication 15 July 2022; date of current version 2 August 2022. This letter was recomme
REC_0572,True,True,27885,False,False,False,,,False,False,False,False,False,False,False,False,False,
REC_0594,True,True,26015,False,False,False,,,True,True,False,False,False,False,False,True,True,root mean square error (RMSE) of HOP is 6.773 m. The errors are quite sm
REC_0598,True,True,18784,False,False,False,,,False,False,False,False,False,False,False,True,False,"n this real-time, video-rate, W-Band (~84-90 GHz) pmmW imager, as re"
REC_0617,True,True,26363,False,False,False,,,False,False,False,False,False,False,False,True,False,in order to achieve accurate 3D positions and velociti
REC_0620,True,True,73652,False,False,False,,,True,True,False,False,False,False,True,True,True,"our methods. The average RMSE of our method is 0.45 m, compared to ORB-SLAM3 0"
REC_0622,True,True,46557,False,False,False,,,False,False,False,False,False,False,False,True,False,epted 28 November 2022. Date of publication 20 December 2022; date of current version
REC_0631,True,True,2129,True,False,False,,,False,False,False,False,False,False,False,False,False,
REC_0639,True,True,29676,False,False,False,,,False,False,False,False,False,False,False,True,False,the class and the associated confidence (Fig. 7). Authorized licensed
REC_0644,True,True,69638,False,False,False,,,False,False,False,False,False,False,False,True,False,"epted 27 December 2025, date of publication 5 January 2026, date of current version"
REC_0647,True,True,46879,False,False,False,,,False,False,False,False,False,False,False,True,False,"and a preampliﬁer integrated in a 18g, cylin- drical package"
REC_0652,True,True,33042,False,False,False,,,False,False,False,False,False,True,False,True,True,"dimensional spaces to locate victims [1]–[4]. However, the unique co"
REC_0656,True,True,48760,False,False,False,,,True,False,False,False,False,False,False,True,False,"accepted 14 April 2026, date of publication 16 April 2026, date of current version"
REC_0687,True,True,22277,False,False,False,,,False,False,False,False,False,False,False,True,False,"el structure which originates from [9]. Indeed, correct model"
REC_0688,True,True,52697,False,False,False,,,False,False,False,False,False,False,False,True,False,"pted December 16, 2019, date of publication December 31, 2019, date of current version"
REC_0701,True,True,33302,False,False,False,,,True,False,False,False,False,True,False,True,True,iate in smooth and accurate aerial control in the real world [14]. The reward mechanism
REC_0705,True,True,60936,False,False,False,,,False,False,False,False,False,False,True,True,True,posed REFMP maintained a positioning error of less than 0.2 m throughout the simulatio
REC_0706,True,True,37081,False,False,False,,,True,True,False,False,False,False,False,True,True,Root Mean Squared Error (RMSE) of 0.0143 m. To quantitatively evalu
REC_0713,True,True,40456,False,False,False,,,True,False,True,False,False,False,True,True,True,"eves an exceptional mean position error (δ) of 2.6–2.9 cm, validating its capacity"
REC_0716,True,True,34357,False,False,False,,,False,False,False,False,False,False,False,True,False,o overlap. This is elucidated in Fig. 2 where (a) and (b) denote
REC_0719,True,True,24848,False,False,False,,,False,False,False,False,False,False,False,True,False,", p1, p2, p3 can be estimated. It is clear that the 9 variables contain much n"
REC_0752,True,True,37892,False,False,False,,,False,False,False,False,False,False,False,True,False,"1,2, Peter Sarunic3 and Hatem Hmam3 Abstract— This paper stu"
REC_0814,True,True,63435,False,False,False,,,False,False,False,False,False,False,False,True,False,accepted 19 Feb. 2018. Date of publication 1 Mar. 2018; date of current version
REC_0816,True,True,33981,False,False,False,,,True,False,False,False,False,False,False,True,False,ng- Oriented Sampling strategy. The 6-DoF camera pose is then
REC_0824,True,True,50797,False,False,False,,,False,False,False,False,False,False,False,True,False,accepted 26 March 2022. Date of publication 29 March 2022; date of current version
REC_0840,True,True,27603,False,False,False,,,False,False,False,False,False,True,False,True,True,ages Iuav ∈RH×W ×3 and satellite maps Isat ∈RH×W ×3. As illustrated in Fig.
REC_0857,True,True,53828,False,False,False,,,False,False,False,False,False,False,False,True,False,cepted 9 December 2025. Date of publication 17 December 2025; date of current version
REC_0859,True,True,41487,False,False,False,,,False,False,False,False,False,False,False,True,False,data are fused to estimate aircraft motion; 2) precision approach (fli
REC_0866,True,True,37294,False,False,False,,,False,False,False,False,False,False,False,True,False,tal modelling has culminated in these systems [11]. They provide drones w
REC_0870,True,True,32794,False,False,False,,,False,False,False,False,False,False,False,True,False,"(3 km), live video latency (<100 ms), system reliability"
REC_0932,True,True,19929,False,False,False,,,False,False,False,False,False,False,False,True,False,covered with an opaque material so that only 72 LEDs were active. Each
REC_0951,True,True,57994,False,True,False,,,True,False,False,False,False,False,False,True,False,TABLE IV ABLATION STUDY: ATE RMSE (M)/PROCESSING TIME
REC_0960,True,True,38246,False,False,False,,,False,False,False,False,False,False,False,True,False,"initialization of the state error covariance matrix Pt|t−1, where t denotes the dis"
REC_0961,True,True,37708,False,False,False,,,True,False,False,False,False,False,False,True,False,"code and the attribute latent code, as shown in Fig. 2(b), we swap the shape la"
REC_0973,True,True,29126,False,False,False,,,False,False,False,False,False,False,False,True,False,"ny landmark should be greater than p units, and (3) the number of landmarks"
REC_0981,True,True,24767,False,False,False,,,False,False,False,False,False,False,False,True,False,st experiments with GPS date back to the early 1970s. The missions carried o
REC_0986,True,True,34964,False,False,False,,,True,False,False,False,False,False,False,True,False,"ion can be used to calculate rotation matrix, Rγβ ∈SO(3), Rγβ(qγ β) = qs −q⊺ v"
REC_0993,True,True,86107,False,False,False,,,False,False,False,False,True,False,False,True,True,"from the ﬁgure, the ﬁnal drift after more than 60 m of ﬂight is less than 0."
REC_0994,True,True,26555,False,False,False,,,False,False,False,False,False,False,True,True,True,from AprilTags. The localization error will be higher than 30 cm if the UAV is flying fu
REC_1001,True,True,79978,False,False,False,,,False,False,False,False,False,False,False,True,False,"sensor, a robot can estimate 2D pose and heading throug"
REC_1006,True,True,65856,False,False,False,,,False,False,False,False,False,False,False,True,False,source cost in consoli- dated summaries in Tables 3 and 4. This survey further dis
REC_1007,True,True,64399,False,False,False,,,True,True,False,False,False,False,False,True,True,proposed method achieves RMSE values between 1.83 and 2.86 m (average 2.23 m) and yie
REC_1018,True,True,89180,False,False,False,,,False,False,False,False,False,False,False,True,False,often suffer from rapid drift in position estimates (Chen et al. 2018b; Li et al. 2012). To mi
REC_1025,True,True,136222,False,False,False,,,True,True,False,False,False,False,True,True,True,al results show that the RMSE of the 3D-positioning equals to 36 cm with one anchor node inv
REC_1028,True,True,22767,False,False,False,,,False,False,False,False,False,False,False,True,False,"ventional study of integrated navigation system is shown in [9]. In [9], an unscented K"
REC_1034,True,True,32594,False,False,False,,,True,True,False,False,False,False,False,True,True,signal outage lead to a RMSE error of 1.2m in both North and East d
REC_1049,True,True,32501,False,False,False,,,False,False,False,False,False,False,False,True,False,"ity at ˙xb = 0 m/s, and lateral velocity at ˙yb = ±0.6 m/s, respectively. Obser"
REC_1103,True,True,19978,False,False,False,,,False,False,False,False,False,False,False,True,False,. The overview of coordinate systems are shown in Fig. 1. The ﬁrst coordinate sys
REC_1105,True,True,31267,False,False,False,,,False,False,False,False,False,False,False,False,False,
REC_1132,True,True,53138,False,False,False,,,False,False,False,False,False,False,False,True,False,"this scenario (system state defined by equation 9), some extra results are"
REC_1137,True,True,26871,False,False,False,,,False,False,False,False,False,False,False,True,False,"lied, and the range of rate limiter is ±0.5. In the next section,"
REC_1146,True,True,35229,False,False,False,,,True,False,False,False,False,False,False,True,False,signal) is used to calculate the velocity as shown in equation (2). 𝑅= 𝑐0 △𝑡 2 (1) Whe
REC_1148,True,True,51934,False,False,False,,,False,False,False,False,False,False,True,True,True,") measurements, reducing localization error to 12.8 cm. While promising in stru"
REC_1159,True,True,73339,False,False,False,,,False,False,False,False,False,False,False,True,False,"ter Engineering, Utah State University, 4120 Old Main Hill, Logan, U"
REC_1192,True,True,27825,False,False,False,,,False,False,False,False,False,False,True,True,True,er has a limited average localization error within 0.4m. This is the best hoveri
REC_1207,True,True,84128,False,False,False,,,False,False,False,False,False,False,True,True,True,ng research. An absolute position error of 7 m is incurred over the cou
REC_1212,True,True,49003,False,False,False,,,False,False,False,False,False,False,False,True,False,"l. We col- lect and generate a 58,647-image dataset and use it"
REC_1217,True,True,28309,False,True,False,,,False,False,True,False,False,False,False,True,False,solute Trajectory Error (ATE) and Relative Pose Error
REC_1245,True,True,24032,False,False,False,,,True,False,False,False,False,False,False,True,False,use of GNSS shows a moderate mean error (17.82 m) and a relatively low
REC_1270,True,True,17308,False,False,False,,,False,False,False,False,False,False,False,True,False,f the Global Navigation Satellite System (GNSS). [1] [2] B. Absolute visual odom
REC_1285,True,True,18399,False,False,False,,,False,False,False,False,False,False,False,True,False,"onment was a desert climate, with humidity of around 10-20%, and temperatures of 8"
REC_1298,True,True,60161,False,False,False,,,False,False,False,False,False,False,True,True,True,"a notable peak in the 3D position error, approaching almost 1 m at one point in the exp"
REC_1306,True,True,34561,False,False,False,,,True,False,False,False,False,False,False,True,False,AV platforms. As illustrated in Figure 1 traditional methods fail
REC_1307,True,True,102717,False,False,False,,,False,False,False,False,False,False,False,True,False,"ed Lazy Theta* in a simulated 50x50x5m maze, executed on a 2.0"
REC_1308,True,True,57818,False,False,False,,,False,False,False,False,False,False,False,True,False,"OLUME 23(4), 2024 625 Date of publication DEC-31, 2024, date of current version"
REC_1313,True,True,50661,False,False,False,,,False,False,False,False,False,False,False,True,False,"lar VO,1 (2) GPR for INS drift prediction, and (3) GPR for monocular VO dr"
REC_1330,True,True,31006,False,False,False,,,False,False,False,False,False,False,False,True,False,m is then used to vali- date the Afﬁne Transform obtained. Figure 1 shows the matching ﬂow.
REC_1358,True,True,77760,False,False,False,,,True,True,False,False,False,False,False,True,True,ot mean square 66 error (RMSE) of 1.2 m/s for forward vehicle ve
REC_1366,True,True,32713,False,False,False,,,False,False,False,False,False,False,False,True,False,evation readings is tabulated in Table 2. 5.2 Monte Carlo Simulat
REC_1378,True,True,31128,False,False,False,,,False,False,False,False,False,False,True,True,True,tandard deviation of the position error was just 10 cm and the position error w
REC_1405,True,True,40678,False,False,False,,,False,False,False,False,False,True,False,True,True,ly improves the success rate of arrival by 26.0% and 45.6% under the ideal and dis
REC_1417,True,True,32096,False,False,False,,,False,False,False,False,False,False,False,True,False,"sion [5] are used to create a 3D map of an unseen field,"
REC_1451,True,True,17691,False,False,False,,,False,False,False,False,False,False,False,True,False,provide the similar strategy as in (Pupilli and Calway 2006) to match the orthogonal
REC_1463,True,True,49390,False,False,False,,,False,False,False,False,False,False,False,True,False,"formulation is to calculate an optimal joint policy⃗π∗= {π1, · · · , πn} that maximi"
REC_1480,True,True,35553,False,False,False,,,False,False,False,False,False,False,True,True,True,"of this approach in 3D, position error of less than 0.02m is achieved. The propose"
REC_1561,True,True,58537,False,False,False,,,False,False,False,False,False,False,False,True,False,"uter Engineering, Iowa State University, Ames, IA 50010, USA Keywords UAS naviga"
REC_1564,True,True,61019,False,False,False,,,False,False,False,False,False,False,False,True,False,GPS denied environments Date received: 4 December 2016; accepted: 27 January 2017 Introductio
REC_1573,True,True,55422,False,True,False,,,True,False,False,False,False,False,False,True,False,ute Translational Error (ATE) is the accuracy metric
REC_1582,True,True,34021,False,False,False,,,False,False,False,False,False,False,False,True,False,"nce, and cooperative strategies. Figure 1 illustrates this classif"
REC_1612,True,True,62185,False,False,False,,,False,False,False,False,False,False,False,True,False,rame odometry is demonstrated in [1] and follow-up papers e.
REC_1619,True,True,115138,False,False,False,,,False,False,False,False,False,False,False,True,False,ehicle can robustly navigate 20-m- long and only 1-m-wid
REC_1640,True,True,43550,False,False,False,,,True,True,False,False,False,False,False,True,True,root mean square error (RMSE) of 2.5cm in position estimation h
REC_1642,True,True,36912,False,False,False,,,False,False,False,False,False,False,False,True,False,and an initial belief-state b0. It ﬁrst produces a poli
REC_1667,True,True,60865,False,False,False,,,False,False,False,False,False,False,False,True,False,"ﬁnder (LRF), which is rotated by a servo actuator to gain a 3D ﬁeld of view (FoV), as"
REC_1678,True,True,39314,False,False,False,,,False,False,False,False,False,False,False,True,False,"hat closely mimic legitimate ones (Psiaki and Humphreys, 2016). Furthermore, GNSS sign"
REC_1688,True,True,302582,False,False,False,,,False,False,False,False,False,False,False,True,False,"ccepted March 13, 2019, date of publication April 9, 2019, date of current version"
REC_1715,True,True,302582,False,False,False,,,False,False,False,False,False,False,False,True,False,"ccepted March 13, 2019, date of publication April 9, 2019, date of current version"
