timestamp,batch,rows,master_before,master_after,quarantine
2026-09-19T19:50:14Z,B01,10,95F88A7706F46AC0D59865BD8E39BC841A7BC9452728C018B81EBB85DF381920,9BC0A14216D403E54971C53620E6AFC052AA1E95F3CA832B5E0D62C3CE5F42C6,E:\GPS_Denied_SLR\_QUARANTINE_20260919_195014
2026-09-19T19:50:42Z,B02,10,9BC0A14216D403E54971C53620E6AFC052AA1E95F3CA832B5E0D62C3CE5F42C6,CD53C7FCD68A58644C3AF7802DD06748EBBE035E0D822A462DFD5A4FCFF78881,E:\GPS_Denied_SLR\_QUARANTINE_20260919_195042
2026-09-19T19:51:04Z,B03,10,CD53C7FCD68A58644C3AF7802DD06748EBBE035E0D822A462DFD5A4FCFF78881,F62A9A0F294837BBC05A043B3185EEB14F114F81189A456E7D58431C47AF97D7,E:\GPS_Denied_SLR\_QUARANTINE_20260919_195104
2026-09-19T19:51:11Z,B04,10,F62A9A0F294837BBC05A043B3185EEB14F114F81189A456E7D58431C47AF97D7,43FCF6F1582AABCCA5418B59965796D91D33EFCB50745505A4B5A762C3A66A08,E:\GPS_Denied_SLR\_QUARANTINE_20260919_195111
2026-09-19T19:51:17Z,B05,10,43FCF6F1582AABCCA5418B59965796D91D33EFCB50745505A4B5A762C3A66A08,886F90882A96BC4DD178E6EFB50CE9A39D8E1F9F8231F91D55B4F69C78CF9C1D,E:\GPS_Denied_SLR\_QUARANTINE_20260919_195117
2026-09-19T19:51:30Z,B06,10,886F90882A96BC4DD178E6EFB50CE9A39D8E1F9F8231F91D55B4F69C78CF9C1D,14C922D7965305C5FD6A0481EEF7E4640B3FAFF58FFF95C34C4DA01519159566,E:\GPS_Denied_SLR\_QUARANTINE_20260919_195130
2026-09-19T19:51:36Z,B07,10,14C922D7965305C5FD6A0481EEF7E4640B3FAFF58FFF95C34C4DA01519159566,5F1D167ED17B848EEF741345635662C99C0E049BA141C0E2F08039D88E977FF5,E:\GPS_Denied_SLR\_QUARANTINE_20260919_195136
2026-09-19T19:51:41Z,B08,10,5F1D167ED17B848EEF741345635662C99C0E049BA141C0E2F08039D88E977FF5,08D20B81CFC79776F073D1FA01A579CB4C23CA155F84DD1A076AB78B727CED84,E:\GPS_Denied_SLR\_QUARANTINE_20260919_195141
2026-09-19T19:51:48Z,B09,10,08D20B81CFC79776F073D1FA01A579CB4C23CA155F84DD1A076AB78B727CED84,7449D98D5D8A050748FA5A3E3F66FCB75ACD70F922117D0E7CE2B0600819CE65,E:\GPS_Denied_SLR\_QUARANTINE_20260919_195148
2026-09-19T19:51:59Z,B10,10,7449D98D5D8A050748FA5A3E3F66FCB75ACD70F922117D0E7CE2B0600819CE65,58D2955BCFC3DEA6725324739B6FC3DC6797B9B3B79CC7B72B8041963EE3372F,E:\GPS_Denied_SLR\_QUARANTINE_20260919_195159
2026-09-19T19:52:05Z,B11,10,58D2955BCFC3DEA6725324739B6FC3DC6797B9B3B79CC7B72B8041963EE3372F,44318C425C5E27FAB6FA502FC8D51DDE9DE761C1C957C0BF0ABE60CFBD024E58,E:\GPS_Denied_SLR\_QUARANTINE_20260919_195205
2026-09-19T19:52:10Z,B12,10,44318C425C5E27FAB6FA502FC8D51DDE9DE761C1C957C0BF0ABE60CFBD024E58,80512D9FA876658718FFFFEF8CAC9171DFFEC213DEB883B6F8D65DE3A105B057,E:\GPS_Denied_SLR\_QUARANTINE_20260919_195210
2026-09-19T19:52:16Z,B13,10,80512D9FA876658718FFFFEF8CAC9171DFFEC213DEB883B6F8D65DE3A105B057,9126FD2F010AD6D7D32245C2127A1DCC1C6E80247DC3E2F4A524726D695D1AB7,E:\GPS_Denied_SLR\_QUARANTINE_20260919_195216
2026-09-19T19:52:33Z,B14,10,9126FD2F010AD6D7D32245C2127A1DCC1C6E80247DC3E2F4A524726D695D1AB7,2CD07ACFDE04633C0A0DAE63BD842CB451CBF5A7E6A9AE31913047B9E172D9EF,E:\GPS_Denied_SLR\_QUARANTINE_20260919_195233
2026-09-19T19:52:40Z,B15,10,2CD07ACFDE04633C0A0DAE63BD842CB451CBF5A7E6A9AE31913047B9E172D9EF,ED90670FF6D170223D0DD8099C6DB1BB1D386D88A6E740C36C9D0AF612CDFB7A,E:\GPS_Denied_SLR\_QUARANTINE_20260919_195240
2026-09-19T19:52:46Z,B16,10,ED90670FF6D170223D0DD8099C6DB1BB1D386D88A6E740C36C9D0AF612CDFB7A,D2736C7DEEB8FE87CB33789A4999BDD4E7D2BD90BEE9A36BC941B0E61B69D842,E:\GPS_Denied_SLR\_QUARANTINE_20260919_195246
2026-09-19T19:53:12Z,B17,10,D2736C7DEEB8FE87CB33789A4999BDD4E7D2BD90BEE9A36BC941B0E61B69D842,AB7B8E6B46F7EA1061A0E407AAAA2E7BCBF659678DBB086949AAE651167D56D8,E:\GPS_Denied_SLR\_QUARANTINE_20260919_195312
2026-09-19T19:53:21Z,B18,10,AB7B8E6B46F7EA1061A0E407AAAA2E7BCBF659678DBB086949AAE651167D56D8,FA94D98D788906A1E92F38A85D66E532A6D4855577AAD4379A6B6CB87069CEB4,E:\GPS_Denied_SLR\_QUARANTINE_20260919_195320
2026-09-19T19:53:27Z,B19,10,FA94D98D788906A1E92F38A85D66E532A6D4855577AAD4379A6B6CB87069CEB4,E0ED1C9890BA2F307B4FBF65227E1D3FD0E08EA9E2FEFAEA5FF7BDF572D2C36B,E:\GPS_Denied_SLR\_QUARANTINE_20260919_195327
2026-09-19T19:53:41Z,B20,10,E0ED1C9890BA2F307B4FBF65227E1D3FD0E08EA9E2FEFAEA5FF7BDF572D2C36B,878A45BC9AEA92C658AACB76A72AB0167C5E936EC5FA0E26E0910524CD6E35BD,E:\GPS_Denied_SLR\_QUARANTINE_20260919_195341
2026-09-19T19:53:46Z,B21,10,878A45BC9AEA92C658AACB76A72AB0167C5E936EC5FA0E26E0910524CD6E35BD,16D6E8C7CD0DC925419F470BA525C5F4F7232EA7F9E9C2C2DBB02B061457AD9B,E:\GPS_Denied_SLR\_QUARANTINE_20260919_195346
2026-09-19T19:53:54Z,B22,10,16D6E8C7CD0DC925419F470BA525C5F4F7232EA7F9E9C2C2DBB02B061457AD9B,930F396EFFB1953E7371957B5541DF91DA2D0E762432F76E344FDBA3E917AD97,E:\GPS_Denied_SLR\_QUARANTINE_20260919_195354
2026-09-19T19:54:06Z,B23,10,930F396EFFB1953E7371957B5541DF91DA2D0E762432F76E344FDBA3E917AD97,2934B4759900B0CF974A55C35B5E0A52FAB7AA142B5C819791D1521521868FEA,E:\GPS_Denied_SLR\_QUARANTINE_20260919_195406
2026-09-19T19:54:12Z,B24,10,2934B4759900B0CF974A55C35B5E0A52FAB7AA142B5C819791D1521521868FEA,0D43805CF17710C991890B132B4B221BD5C981A3A9B21192D026670473050BCD,E:\GPS_Denied_SLR\_QUARANTINE_20260919_195412
2026-09-19T19:54:18Z,B25,10,0D43805CF17710C991890B132B4B221BD5C981A3A9B21192D026670473050BCD,7B2C32F867DF801130AD857632AAC3E20473C392B99DC4F7CC133907B544574A,E:\GPS_Denied_SLR\_QUARANTINE_20260919_195418
2026-09-19T19:54:31Z,B26,10,7B2C32F867DF801130AD857632AAC3E20473C392B99DC4F7CC133907B544574A,4F6C105ECE9A84AD97BA47873A7840C0561C2EDFF3CB89F1F65ABE231BA4B170,E:\GPS_Denied_SLR\_QUARANTINE_20260919_195431
2026-09-19T19:54:37Z,B27,10,4F6C105ECE9A84AD97BA47873A7840C0561C2EDFF3CB89F1F65ABE231BA4B170,76C670F85D5EB53BB355B35595FED18F45063AE933B66B54442ECE5C409CAE60,E:\GPS_Denied_SLR\_QUARANTINE_20260919_195437
2026-09-19T19:54:43Z,B28,9,76C670F85D5EB53BB355B35595FED18F45063AE933B66B54442ECE5C409CAE60,15B26C59DFAAAD0A62A3D473AC7EB4DFC0491A89B7B6D4D5CF78BB8FB512B2C6,E:\GPS_Denied_SLR\_QUARANTINE_20260919_195443
