id,qa_rigor,qa_reporting,qa_baseline,qa_repro,qa_total,qa_tier
REC_0001,2,2,1,0,5,Q-Medium
REC_0003,2,2,2,0,6,Q-Medium
REC_0006,2,2,0,0,4,Q-Low
REC_0008,0,0,0,0,0,Q-Low
REC_0010,0,1,1,0,2,Q-Low
REC_0013,0,2,2,0,4,Q-Low
REC_0017,0,1,0,0,1,Q-Low
REC_0022,0,1,0,0,1,Q-Low
REC_0025,2,2,0,0,4,Q-Low
REC_0028,2,2,1,0,5,Q-Medium
REC_0037,3,3,2,0,8,Q-High
REC_0041,2,2,2,0,6,Q-Medium
REC_0043,0,2,0,0,2,Q-Low
REC_0057,0,2,1,0,3,Q-Low
REC_0064,0,1,1,0,2,Q-Low
REC_0065,2,2,0,0,4,Q-Low
REC_0066,2,2,1,0,5,Q-Medium
REC_0071,2,1,0,0,3,Q-Low
REC_0077,2,2,1,0,5,Q-Medium
REC_0080,3,1,0,0,4,Q-Low
REC_0084,0,2,0,0,2,Q-Low
REC_0095,0,2,1,0,3,Q-Low
REC_0096,2,1,1,0,4,Q-Low
REC_0102,0,3,2,0,5,Q-Medium
REC_0107,2,2,1,0,5,Q-Medium
REC_0111,2,2,1,0,5,Q-Medium
REC_0115,0,1,1,0,2,Q-Low
REC_0118,2,2,1,0,5,Q-Medium
REC_0123,2,0,0,0,2,Q-Low
REC_0131,2,1,2,0,5,Q-Medium
REC_0138,2,1,1,0,4,Q-Low
REC_0149,3,1,2,0,6,Q-Medium
REC_0155,2,1,1,0,4,Q-Low
REC_0161,2,2,1,0,5,Q-Medium
REC_0165,0,1,2,0,3,Q-Low
REC_0179,2,3,1,0,6,Q-Medium
REC_0195,2,0,2,0,4,Q-Low
REC_0196,2,1,1,0,4,Q-Low
REC_0202,0,1,0,0,1,Q-Low
REC_0208,2,2,2,0,6,Q-Medium
REC_0211,1,2,2,0,5,Q-Medium
REC_0213,0,2,1,0,3,Q-Low
REC_0215,3,1,1,0,5,Q-Medium
REC_0218,2,2,1,0,5,Q-Medium
REC_0239,2,0,0,0,2,Q-Low
REC_0242,0,0,0,0,0,Q-Low
REC_0246,2,1,0,0,3,Q-Low
REC_0255,2,1,1,0,4,Q-Low
REC_0264,0,3,0,0,3,Q-Low
REC_0271,2,2,1,0,5,Q-Medium
REC_0274,0,0,0,0,0,Q-Low
REC_0278,3,1,2,0,6,Q-Medium
REC_0281,2,2,2,0,6,Q-Medium
REC_0289,0,0,0,0,0,Q-Low
REC_0294,2,1,1,0,4,Q-Low
REC_0296,2,1,1,0,4,Q-Low
REC_0305,0,2,1,0,3,Q-Low
REC_0318,0,1,1,0,2,Q-Low
REC_0332,2,2,2,0,6,Q-Medium
REC_0343,2,2,1,0,5,Q-Medium
REC_0345,2,1,1,0,4,Q-Low
REC_0346,2,1,1,0,4,Q-Low
REC_0347,2,2,2,0,6,Q-Medium
REC_0362,0,1,2,0,3,Q-Low
REC_0369,2,1,1,0,4,Q-Low
REC_0388,0,0,0,0,0,Q-Low
REC_0391,0,3,1,0,4,Q-Low
REC_0409,3,2,1,0,6,Q-Medium
REC_0426,2,1,0,0,3,Q-Low
REC_0438,3,0,0,0,3,Q-Low
REC_0444,2,0,0,0,2,Q-Low
REC_0455,0,3,1,0,4,Q-Low
REC_0459,2,0,0,0,2,Q-Low
REC_0461,2,0,0,0,2,Q-Low
REC_0464,0,2,1,0,3,Q-Low
REC_0469,2,1,0,0,3,Q-Low
REC_0475,2,1,1,0,4,Q-Low
REC_0481,2,1,2,1,6,Q-Medium
REC_0485,2,2,2,0,6,Q-Medium
REC_0489,3,2,2,0,7,Q-Medium
REC_0502,3,3,2,0,8,Q-High
REC_0503,2,2,1,0,5,Q-Medium
REC_0534,2,1,0,0,3,Q-Low
REC_0537,2,1,0,0,3,Q-Low
REC_0544,2,1,2,0,5,Q-Medium
REC_0572,0,0,0,0,0,Q-Low
REC_0594,2,2,2,0,6,Q-Medium
REC_0598,2,2,0,0,4,Q-Low
REC_0617,2,0,1,0,3,Q-Low
REC_0620,0,2,2,0,4,Q-Low
REC_0622,3,1,0,0,4,Q-Low
REC_0631,2,0,0,0,2,Q-Low
REC_0639,2,1,2,0,5,Q-Medium
REC_0644,2,1,2,0,5,Q-Medium
REC_0647,2,1,1,0,4,Q-Low
REC_0652,2,2,1,0,5,Q-Medium
REC_0656,2,1,2,0,5,Q-Medium
REC_0687,2,1,1,0,4,Q-Low
REC_0688,2,2,1,0,5,Q-Medium
REC_0701,0,2,1,0,3,Q-Low
REC_0705,2,1,1,0,4,Q-Low
REC_0706,2,1,2,0,5,Q-Medium
REC_0713,2,1,1,0,4,Q-Low
REC_0716,0,1,1,0,2,Q-Low
REC_0719,2,1,1,0,4,Q-Low
REC_0752,0,1,1,0,2,Q-Low
REC_0814,2,2,2,0,6,Q-Medium
REC_0816,2,2,1,1,6,Q-Medium
REC_0824,3,1,1,0,5,Q-Medium
REC_0840,2,2,2,0,6,Q-Medium
REC_0857,0,1,1,0,2,Q-Low
REC_0859,2,1,2,0,5,Q-Medium
REC_0870,2,0,1,0,3,Q-Low
REC_0896,2,2,1,0,5,Q-Medium
REC_0932,2,1,0,0,3,Q-Low
REC_0951,3,2,2,0,7,Q-Medium
REC_0960,2,1,2,0,5,Q-Medium
REC_0961,0,2,2,0,4,Q-Low
REC_0973,0,0,0,0,0,Q-Low
REC_0981,2,0,0,0,2,Q-Low
REC_0986,2,1,1,0,4,Q-Low
REC_0993,3,0,0,0,3,Q-Low
REC_0994,2,1,1,0,4,Q-Low
REC_0995,2,2,1,0,5,Q-Medium
REC_1001,2,0,0,0,2,Q-Low
REC_1002,2,0,1,0,3,Q-Low
REC_1006,2,0,1,0,3,Q-Low
REC_1007,2,2,2,0,6,Q-Medium
REC_1011,2,2,0,0,4,Q-Low
REC_1014,0,2,1,0,3,Q-Low
REC_1017,0,1,1,0,2,Q-Low
REC_1018,0,1,2,0,3,Q-Low
REC_1019,2,1,2,0,5,Q-Medium
REC_1021,2,1,2,0,5,Q-Medium
REC_1023,2,2,2,0,6,Q-Medium
REC_1025,2,0,0,0,2,Q-Low
REC_1026,2,3,2,0,7,Q-Medium
REC_1028,2,0,0,0,2,Q-Low
REC_1029,3,1,1,0,5,Q-Medium
REC_1032,2,2,1,0,5,Q-Medium
REC_1034,2,2,1,0,5,Q-Medium
REC_1043,0,3,1,0,4,Q-Low
REC_1044,2,1,2,0,5,Q-Medium
REC_1046,2,1,2,0,5,Q-Medium
REC_1048,2,1,2,0,5,Q-Medium
REC_1049,2,1,0,0,3,Q-Low
REC_1055,0,0,0,0,0,Q-Low
REC_1059,2,2,1,0,5,Q-Medium
REC_1063,3,2,1,0,6,Q-Medium
REC_1067,2,0,2,0,4,Q-Low
REC_1069,2,2,2,0,6,Q-Medium
REC_1080,2,2,2,1,7,Q-Medium
REC_1083,0,1,0,0,1,Q-Low
REC_1084,0,1,0,0,1,Q-Low
REC_1085,0,1,0,0,1,Q-Low
REC_1095,0,1,0,0,1,Q-Low
REC_1096,0,1,0,0,1,Q-Low
REC_1103,2,0,2,0,4,Q-Low
REC_1105,2,1,2,0,5,Q-Medium
REC_1106,0,2,2,0,4,Q-Low
REC_1107,0,2,2,0,4,Q-Low
REC_1110,2,2,2,0,6,Q-Medium
REC_1114,0,2,2,0,4,Q-Low
REC_1115,2,2,2,0,6,Q-Medium
REC_1116,2,2,2,0,6,Q-Medium
REC_1118,2,3,1,0,6,Q-Medium
REC_1123,2,2,2,0,6,Q-Medium
REC_1130,0,1,2,0,3,Q-Low
REC_1132,2,1,2,0,5,Q-Medium
REC_1135,3,1,2,0,6,Q-Medium
REC_1137,0,2,1,0,3,Q-Low
REC_1140,2,2,2,0,6,Q-Medium
REC_1142,0,3,2,0,5,Q-Medium
REC_1146,2,2,2,0,6,Q-Medium
REC_1148,2,1,2,0,5,Q-Medium
REC_1150,2,2,2,0,6,Q-Medium
REC_1159,2,1,2,0,5,Q-Medium
REC_1160,2,0,1,0,3,Q-Low
REC_1163,0,1,2,0,3,Q-Low
REC_1165,0,0,0,0,0,Q-Low
REC_1167,0,1,1,0,2,Q-Low
REC_1171,3,1,2,0,6,Q-Medium
REC_1172,2,1,2,0,5,Q-Medium
REC_1175,0,2,2,0,4,Q-Low
REC_1178,2,1,2,0,5,Q-Medium
REC_1185,0,2,1,0,3,Q-Low
REC_1186,0,1,0,0,1,Q-Low
REC_1187,0,1,0,0,1,Q-Low
REC_1189,2,1,1,0,4,Q-Low
REC_1190,1,1,1,0,3,Q-Low
REC_1191,3,2,2,0,7,Q-Medium
REC_1192,3,0,1,0,4,Q-Low
REC_1194,2,1,1,0,4,Q-Low
REC_1196,2,0,1,0,3,Q-Low
REC_1207,2,0,0,0,2,Q-Low
REC_1208,0,2,1,0,3,Q-Low
REC_1212,2,2,1,0,5,Q-Medium
REC_1216,0,2,2,0,4,Q-Low
REC_1223,2,0,2,0,4,Q-Low
REC_1232,2,1,0,0,3,Q-Low
REC_1235,2,1,0,0,3,Q-Low
REC_1243,0,1,1,0,2,Q-Low
REC_1245,2,0,1,0,3,Q-Low
REC_1248,2,1,2,0,5,Q-Medium
REC_1250,0,0,1,0,1,Q-Low
REC_1251,2,2,1,0,5,Q-Medium
REC_1252,0,2,1,0,3,Q-Low
REC_1253,0,2,0,0,2,Q-Low
REC_1267,2,0,1,0,3,Q-Low
REC_1270,2,0,1,0,3,Q-Low
REC_1274,2,1,0,0,3,Q-Low
REC_1277,3,2,2,1,8,Q-High
REC_1282,2,0,1,0,3,Q-Low
REC_1283,0,1,1,0,2,Q-Low
REC_1285,2,0,0,0,2,Q-Low
REC_1286,2,1,2,0,5,Q-Medium
REC_1289,3,0,1,0,4,Q-Low
REC_1295,2,0,1,0,3,Q-Low
REC_1298,2,2,0,0,4,Q-Low
REC_1302,2,2,1,0,5,Q-Medium
REC_1304,0,3,1,0,4,Q-Low
REC_1306,2,1,1,0,4,Q-Low
REC_1307,2,0,1,0,3,Q-Low
REC_1308,2,0,0,0,2,Q-Low
REC_1309,2,1,1,0,4,Q-Low
REC_1313,0,0,2,0,2,Q-Low
REC_1316,2,0,1,0,3,Q-Low
REC_1320,2,1,1,0,4,Q-Low
REC_1322,2,1,0,0,3,Q-Low
REC_1330,0,0,2,0,2,Q-Low
REC_1336,3,1,1,0,5,Q-Medium
REC_1346,2,2,1,0,5,Q-Medium
REC_1348,2,1,0,0,3,Q-Low
REC_1355,3,2,1,0,6,Q-Medium
REC_1358,2,2,1,0,5,Q-Medium
REC_1366,0,1,1,0,2,Q-Low
REC_1370,2,1,1,0,4,Q-Low
REC_1373,2,0,1,0,3,Q-Low
REC_1378,2,0,1,0,3,Q-Low
REC_1393,2,2,2,0,6,Q-Medium
REC_1399,2,2,2,0,6,Q-Medium
REC_1402,2,2,0,0,4,Q-Low
REC_1403,2,0,1,0,3,Q-Low
REC_1405,0,1,2,0,3,Q-Low
REC_1417,2,0,1,0,3,Q-Low
REC_1423,2,0,1,0,3,Q-Low
REC_1429,0,0,1,0,1,Q-Low
REC_1431,0,2,1,0,3,Q-Low
REC_1432,0,2,1,0,3,Q-Low
REC_1435,0,1,2,0,3,Q-Low
REC_1438,2,0,0,0,2,Q-Low
REC_1439,2,1,1,0,4,Q-Low
REC_1443,0,1,1,0,2,Q-Low
REC_1451,2,0,0,0,2,Q-Low
REC_1453,2,2,2,0,6,Q-Medium
REC_1454,2,3,2,0,7,Q-Medium
REC_1455,2,1,1,0,4,Q-Low
REC_1459,2,1,0,0,3,Q-Low
REC_1463,0,2,1,0,3,Q-Low
REC_1474,0,1,2,0,3,Q-Low
REC_1480,2,0,0,0,2,Q-Low
REC_1502,2,0,1,0,3,Q-Low
REC_1512,0,1,1,0,2,Q-Low
REC_1541,2,2,1,0,5,Q-Medium
REC_1557,0,2,1,0,3,Q-Low
REC_1561,0,3,1,0,4,Q-Low
REC_1564,2,1,1,0,4,Q-Low
REC_1573,0,3,1,0,4,Q-Low
REC_1576,2,1,0,0,3,Q-Low
REC_1587,2,2,1,0,5,Q-Medium
REC_1608,2,0,1,0,3,Q-Low
REC_1612,0,3,2,0,5,Q-Medium
REC_1619,2,1,0,0,3,Q-Low
REC_1637,2,2,1,0,5,Q-Medium
REC_1640,2,3,1,0,6,Q-Medium
REC_1642,2,1,0,0,3,Q-Low
REC_1653,2,1,2,0,5,Q-Medium
REC_1660,0,1,1,0,2,Q-Low
REC_1678,0,1,1,0,2,Q-Low
