paper_id,status,issues,pdf_exists,pdf_bytes,pdf_pages_actual,pdf_pages_csv,pages_match,text_chars,text_tokens,nonascii_ratio,shorttok_ratio,text_status,missing_fields,qa_consistent,qa_sum,qa_total_csv,fulltext_consistent
REC_0001,PASS,,True,688319,4,4,True,19845,2583,0.0261,0.1301,PASS,,True,1,1,True
REC_0003,PASS,,True,5587871,5,5,True,21196,3219,0.0022,0.1678,PASS,,True,7,7,True
REC_0006,PASS,,True,1196810,4,4,True,16644,2317,0.0034,0.1489,PASS,,True,9,9,True
REC_0008,PASS,,True,4606914,7,7,True,27538,4760,0.0057,0.2884,PASS,,True,5,5,True
REC_0010,PASS,,True,2169203,6,6,True,26171,3975,0.0028,0.1877,PASS,,True,3,3,True
REC_0013,PASS,,True,4596468,6,6,True,28027,4100,0.0003,0.1676,PASS,,True,4,4,True
REC_0017,PASS,,True,888683,6,6,True,26312,4171,0.0051,0.2019,PASS,,True,2,2,True
REC_0022,PASS,,True,2780463,6,6,True,23607,3892,0.007,0.2274,PASS,,True,4,4,True
REC_0023,PASS,,True,440558,9,9,True,41612,6607,0.006,0.2378,PASS,,True,6,6,True
REC_0025,PASS,,True,11773197,7,7,True,30113,4831,0.0076,0.2254,PASS,,True,4,4,True
REC_0028,PASS,,True,3636408,16,16,True,81158,13022,0.0112,0.2164,PASS,,True,5,5,True
REC_0035,PASS,,True,5938779,6,6,True,26578,4277,0.0105,0.2368,PASS,,True,6,6,True
REC_0037,PASS,,True,7739018,4,4,True,20123,2608,0.0747,0.12,PASS,,True,4,4,True
REC_0041,PASS,,True,3325469,15,15,True,62560,9728,0.006,0.2,PASS,,True,9,9,True
REC_0043,PASS,,True,675656,6,6,True,27106,3897,0.0092,0.1878,PASS,,True,5,5,True
REC_0053,PASS,,True,3643473,22,22,True,54190,7767,0.0012,0.1742,PASS,,True,8,8,True
REC_0057,PASS,,True,808059,6,6,True,25428,3910,0.0046,0.1775,PASS,,True,4,4,True
REC_0064,PASS,,True,2654659,15,15,True,87767,13854,0.0153,0.2572,PASS,,True,5,5,True
REC_0065,PASS,,True,2746981,6,6,True,30401,4602,0.0034,0.1867,PASS,,True,7,7,True
REC_0066,PASS,,True,981127,6,6,True,27427,4103,0.005,0.1723,PASS,,True,4,4,True
REC_0071,PASS,,True,2789483,4,4,True,20808,3424,0.0092,0.2731,PASS,,True,5,5,True
REC_0077,PASS,,True,1145052,8,8,True,41367,5721,0.0246,0.1743,PASS,,True,7,7,True
REC_0080,PASS,,True,941371,6,6,True,28390,4389,0.0031,0.1948,PASS,,True,4,4,True
REC_0084,PASS,,True,1056965,10,10,True,42422,6613,0.0049,0.2019,PASS,,True,5,5,True
REC_0095,PASS,,True,3732122,18,18,True,92052,14562,0.0101,0.211,PASS,,True,6,6,True
REC_0096,PASS,,True,948005,5,5,True,27542,4157,0.0056,0.1684,PASS,,True,8,8,True
REC_0102,PASS,,True,1256408,6,6,True,29520,4169,0.0058,0.1413,PASS,,True,9,9,True
REC_0107,PASS,,True,1231390,5,5,True,21737,3161,0.0067,0.1737,PASS,,True,4,4,True
REC_0111,PASS,,True,1421507,5,5,True,26066,4261,0.0224,0.2401,PASS,,True,7,7,True
REC_0115,PASS,,True,750653,5,5,True,23483,1445,0.0058,0.083,PASS,,True,0,0,True
REC_0118,PASS,,True,299647,6,6,True,28650,4551,0.0061,0.2017,PASS,,True,6,6,True
REC_0123,PASS,,True,1122705,6,6,True,24274,3535,0.0049,0.1836,PASS,,True,6,6,True
REC_0131,PASS,,True,2500295,4,4,True,24157,3366,0.006,0.1435,PASS,,True,6,6,True
REC_0138,PASS,,True,6070386,12,12,True,62156,9585,0.0056,0.1918,PASS,,True,6,6,True
REC_0149,PASS,,True,5932868,6,6,True,25606,3787,0.0056,0.1629,PASS,,True,6,6,True
REC_0155,PASS,,True,1311630,10,10,True,48139,7685,0.0054,0.1991,PASS,,True,9,9,True
REC_0161,PASS,,True,7148479,6,6,True,30268,4614,0.0035,0.179,PASS,,True,8,8,True
REC_0165,PASS,,True,1915184,2,2,True,9360,1299,0.002,0.144,PASS,,True,7,7,True
REC_0179,PASS,,True,4141447,5,5,True,20371,3030,0.0016,0.1977,PASS,,True,4,4,True
REC_0195,PASS,,True,871710,9,9,True,44299,6255,0.0017,0.1722,PASS,,True,6,6,True
REC_0196,PASS,,True,11391112,6,6,True,25397,4248,0.0097,0.2326,PASS,,True,6,6,True
REC_0202,PASS,,True,1307676,4,4,True,16956,2610,0.0002,0.208,PASS,,True,3,3,True
REC_0208,PASS,,True,3521694,10,10,True,43689,6829,0.007,0.1895,PASS,,True,4,4,True
REC_0211,PASS,,True,2137693,12,12,True,61998,9138,0.0097,0.1759,PASS,,True,8,8,True
REC_0213,PASS,,True,2413513,9,9,True,46690,7611,0.0085,0.2219,PASS,,True,6,6,True
REC_0215,PASS,,True,3461024,6,6,True,25456,4035,0.0098,0.2099,PASS,,True,6,6,True
REC_0218,PASS,,True,1171552,10,10,True,51146,8092,0.0157,0.2283,PASS,,True,8,8,True
REC_0239,PASS,,True,1512109,5,5,True,22281,3784,0.022,0.2886,PASS,,True,7,7,True
REC_0246,PASS,,True,2327191,8,8,True,28476,4433,0.0018,0.192,PASS,,True,6,6,True
REC_0255,PASS,,True,1529255,6,6,True,23255,3617,0.0032,0.1952,PASS,,True,7,7,True
REC_0264,PASS,,True,3508969,10,10,True,46872,7729,0.0036,0.246,PASS,,True,6,6,True
REC_0271,PASS,,True,1576785,5,5,True,26757,3969,0.0096,0.1784,PASS,,True,7,7,True
REC_0274,PASS,,True,395059,7,7,True,34021,4833,0.0012,0.1618,PASS,,True,4,4,True
REC_0278,PASS,,True,491914,6,6,True,32797,4404,0.0013,0.149,PASS,,True,8,8,True
REC_0281,PASS,,True,2575940,7,7,True,33226,5135,0.0035,0.1686,PASS,,True,7,7,True
REC_0289,PASS,,True,5667247,5,5,True,19900,2809,0.0034,0.141,PASS,,True,4,4,True
REC_0294,PASS,,True,4919953,8,8,True,35424,5325,0.0194,0.2158,PASS,,True,4,4,True
REC_0296,PASS,,True,5653804,5,5,True,16679,2511,0.0017,0.1828,PASS,,True,4,4,True
REC_0305,PASS,,True,2003868,6,6,True,27202,4305,0.0042,0.1919,PASS,,True,3,3,True
REC_0318,PASS,,True,202155,6,6,True,26483,5287,0.0126,0.4884,PASS,,True,3,3,True
REC_0332,PASS,,True,4044251,6,6,True,29873,4480,0.0129,0.1962,PASS,,True,3,3,True
REC_0343,PASS,,True,4564872,11,11,True,56838,9172,0.0072,0.2045,PASS,,True,4,4,True
REC_0345,PASS,,True,3488563,7,7,True,24627,3886,0.0072,0.2169,PASS,,True,5,5,True
REC_0346,PASS,,True,4853258,8,8,True,35097,5481,0.0056,0.202,PASS,,True,5,5,True
REC_0363,PASS,,True,1536556,8,8,True,33253,5033,0.0068,0.1685,PASS,,True,4,4,True
REC_0369,PASS,,True,2762475,12,12,True,50602,8324,0.013,0.2136,PASS,,True,5,5,True
REC_0388,PASS,,True,4337278,31,31,True,193389,27818,0.006,0.1686,PASS,,True,7,7,True
REC_0391,PASS,,True,1920254,14,14,True,70559,11265,0.0078,0.2164,PASS,,True,5,5,True
REC_0409,PASS,,True,4621959,6,6,True,31650,4524,0.0017,0.1474,PASS,,True,9,9,True
REC_0426,PASS,,True,5519618,6,6,True,27477,4391,0.0039,0.2077,PASS,,True,5,5,True
REC_0438,PASS,,True,520970,6,6,True,25853,4075,0.0051,0.2002,PASS,,True,5,5,True
REC_0444,PASS,,True,1947188,7,7,True,37553,6057,0.0109,0.225,PASS,,True,4,4,True
REC_0455,PASS,,True,570375,6,6,True,32556,5137,0.0206,0.1849,PASS,,True,3,3,True
REC_0459,PASS,,True,2669465,9,9,True,34488,5686,0.0082,0.2147,PASS,,True,6,6,True
REC_0464,PASS,,True,2889228,7,7,True,35256,5661,0.0069,0.2044,PASS,,True,7,7,True
REC_0469,PASS,,True,1651838,11,11,True,34856,5512,0.0047,0.2092,PASS,,True,6,6,True
REC_0475,PASS,,True,7209172,6,6,True,33306,5260,0.0029,0.1914,PASS,,True,7,7,True
REC_0481,PASS,,True,3852084,8,8,True,46290,6738,0.0068,0.1677,PASS,,True,8,8,True
REC_0485,PASS,,True,8133338,7,7,True,38063,6119,0.0053,0.2098,PASS,,True,6,6,True
REC_0489,PASS,,True,4872211,16,16,True,64349,10471,0.012,0.2204,PASS,,True,6,6,True
REC_0502,PASS,,True,18926776,21,21,True,99022,14266,0.0059,0.1459,PASS,,True,9,9,True
REC_0503,PASS,,True,1811165,8,8,True,39773,6580,0.0091,0.2191,PASS,,True,7,7,True
REC_0534,PASS,,True,1017901,7,7,True,31882,5401,0.0189,0.2559,PASS,,True,8,8,True
REC_0537,PASS,,True,2519789,6,6,True,25714,3677,0.0151,0.1751,PASS,,True,3,3,True
REC_0544,PASS,,True,2558946,8,8,True,41522,6455,0.0053,0.2087,PASS,,True,8,8,True
REC_0572,PASS,,True,347719,6,6,True,27885,4070,0.0033,0.1666,PASS,,True,3,3,True
REC_0594,PASS,,True,4369751,6,6,True,26015,4298,0.008,0.2189,PASS,,True,6,6,True
REC_0598,PASS,,True,584613,4,4,True,18784,2760,0.0013,0.1801,PASS,,True,5,5,True
REC_0617,PASS,,True,655741,6,6,True,26363,4157,0.0447,0.2305,PASS,,True,8,8,True
REC_0620,PASS,,True,8235775,18,18,True,73652,11987,0.0084,0.215,PASS,,True,8,8,True
REC_0622,PASS,,True,3616877,9,9,True,46557,7672,0.0075,0.2387,PASS,,True,7,7,True
REC_0631,PASS,,True,228852,1,1,True,2129,305,0.0005,0.1508,PASS,,True,1,1,True
REC_0639,PASS,,True,1593888,6,6,True,29676,4473,0.0017,0.1784,PASS,,True,6,6,True
REC_0644,PASS,,True,2631238,19,19,True,69638,10051,0.0071,0.1502,PASS,,True,9,9,True
REC_0647,PASS,,True,1585955,8,8,True,46879,7241,0.0093,0.204,PASS,,True,5,5,True
REC_0652,PASS,,True,7741753,6,6,True,33042,4763,0.0054,0.1671,PASS,,True,6,6,True
REC_0656,PASS,,True,1961564,10,10,True,48760,7009,0.0042,0.1505,PASS,,True,9,9,True
REC_0687,PASS,,True,1940213,6,6,True,22277,3343,0.0085,0.2076,PASS,,True,7,7,True
REC_0688,PASS,,True,2993331,14,14,True,52697,8606,0.0068,0.2129,PASS,,True,7,7,True
REC_0701,PASS,,True,1489597,6,6,True,33302,4689,0.0066,0.1695,PASS,,True,5,5,True
REC_0705,PASS,,True,2773304,13,13,True,60936,10118,0.0252,0.2423,PASS,,True,8,8,True
REC_0706,PASS,,True,5914303,7,7,True,37081,5397,0.0023,0.1414,PASS,,True,9,9,True
REC_0713,PASS,,True,3743783,8,8,True,40456,6137,0.0085,0.191,PASS,,True,8,8,True
REC_0716,PASS,,True,648129,8,8,True,34357,5484,0.0059,0.1931,PASS,,True,3,3,True
REC_0719,PASS,,True,755444,6,6,True,24848,4272,0.0195,0.2755,PASS,,True,5,5,True
REC_0752,PASS,,True,381900,7,7,True,37892,6687,0.0139,0.2955,PASS,,True,7,7,True
REC_0814,PASS,,True,2670964,13,13,True,63435,10501,0.0051,0.2305,PASS,,True,6,6,True
REC_0816,PASS,,True,4637592,8,8,True,33981,4941,0.0049,0.1724,PASS,,True,8,8,True
REC_0824,PASS,,True,1994514,11,11,True,50797,8296,0.0157,0.224,PASS,,True,8,8,True
REC_0840,PASS,,True,18077134,6,6,True,27603,3831,0.0057,0.1227,PASS,,True,4,4,True
REC_0857,PASS,,True,1720709,9,9,True,53828,7828,0.0072,0.1804,PASS,,True,8,8,True
REC_0859,PASS,,True,2516665,10,10,True,41487,6731,0.0071,0.2952,PASS,,True,6,6,True
REC_0866,PASS,,True,628145,6,6,True,37294,5095,0.0024,0.1611,PASS,,True,3,3,True
REC_0870,PASS,,True,987583,6,6,True,32794,4071,0.003,0.1231,PASS,,True,7,7,True
REC_0932,PASS,,True,921061,5,5,True,19929,3108,0.0002,0.203,PASS,,True,5,5,True
REC_0951,PASS,,True,3527817,12,12,True,57994,8327,0.0121,0.168,PASS,,True,10,10,True
REC_0960,PASS,,True,4050752,8,8,True,38246,5713,0.0042,0.1873,PASS,,True,6,6,True
REC_0961,PASS,,True,754375,7,7,True,37708,5840,0.0065,0.1913,PASS,,True,4,4,True
REC_0973,PASS,,True,542024,7,7,True,29126,5063,0.0092,0.2759,PASS,,True,4,4,True
REC_0981,PASS,,True,425681,7,7,True,24767,4039,0.0085,0.2129,PASS,,True,5,5,True
REC_0986,PASS,,True,1327738,9,9,True,34964,5856,0.015,0.2223,PASS,,True,5,5,True
REC_0993,PASS,,True,9340493,30,30,True,86107,14713,0.0095,0.2422,PASS,,True,9,9,True
REC_0994,PASS,,True,820670,7,7,True,26555,3938,0.0026,0.193,PASS,,True,5,5,True
REC_1001,PASS,,True,2264600,39,39,True,79978,12968,0.0051,0.2136,PASS,,True,8,8,True
REC_1006,PASS,,True,1167970,18,18,True,65856,9163,0.0042,0.1536,PASS,,True,6,6,True
REC_1007,PASS,,True,17176159,21,21,True,64399,9584,0.0119,0.1736,PASS,,True,8,8,True
REC_1018,PASS,,True,1346785,24,24,True,89180,12109,0.0026,0.1701,PASS,,True,8,8,True
REC_1025,PASS,,True,9695177,44,44,True,136222,19905,0.0046,0.1463,PASS,,True,7,7,True
REC_1028,PASS,,True,2399812,7,7,True,22767,4034,0.0145,0.2766,PASS,,True,4,4,True
REC_1034,PASS,,True,4045708,8,8,True,32594,4762,0.0082,0.1648,PASS,,True,3,3,True
REC_1049,PASS,,True,3009373,8,8,True,32501,5600,0.0078,0.2716,PASS,,True,3,3,True
REC_1103,PASS,,True,5638186,10,10,True,19978,3300,0.0113,0.243,PASS,,True,3,3,True
REC_1105,PASS,,True,1677140,7,7,True,31267,4736,0.0008,0.1685,PASS,,True,6,6,True
REC_1132,PASS,,True,1274773,13,13,True,53138,9110,0.005,0.2752,PASS,,True,4,4,True
REC_1137,PASS_EXCEPTION,FAIL_OCR: short-token 52.5%|exception: High short-token ratio (52.5%) due to equation-dense mathematical notation; text,True,805870,8,8,True,26871,5848,0.0427,0.525,FAIL_OCR,,True,4,4,True
REC_1146,PASS,,True,3047637,8,8,True,35229,5329,0.0059,0.186,PASS,,True,6,6,True
REC_1148,PASS,,True,1330992,13,13,True,51934,7102,0.0034,0.1542,PASS,,True,8,8,True
REC_1159,PASS,,True,49879409,29,29,True,73339,12489,0.0164,0.3297,PASS,,True,5,5,True
REC_1192,PASS,,True,1750845,6,6,True,27825,4551,0.0079,0.2178,PASS,,True,6,6,True
REC_1207,PASS,,True,4153972,45,45,True,84128,13690,0.0111,0.2285,PASS,,True,7,7,True
REC_1212,PASS,,True,2934732,18,18,True,49003,7144,0.0014,0.1723,PASS,,True,4,4,True
REC_1217,PASS,,True,554659,11,11,True,28309,4521,0.0062,0.1966,PASS,,True,6,6,True
REC_1245,PASS,,True,934895,6,6,True,24032,3517,0.0049,0.1942,PASS,,True,6,6,True
REC_1270,PASS,,True,730365,4,4,True,17308,2669,0.001,0.1761,PASS,,True,6,6,True
REC_1285,PASS,,True,793105,4,4,True,18399,2775,0.0033,0.1705,PASS,,True,7,7,True
REC_1298,PASS,,True,6009266,26,26,True,60161,9784,0.0107,0.253,PASS,,True,7,7,True
REC_1306,PASS,,True,1558639,7,7,True,34561,4566,0.007,0.1389,PASS,,True,5,5,True
REC_1307,PASS,,True,27523826,38,38,True,102717,16753,0.0044,0.2179,PASS,,True,9,9,True
REC_1308,PASS,,True,2336763,12,12,True,57818,8280,0.009,0.1709,PASS,,True,6,6,True
REC_1313,PASS,,True,2819099,15,15,True,50661,8133,0.0087,0.198,PASS,,True,4,4,True
REC_1330,PASS,,True,4875736,6,6,True,31006,4880,0.0057,0.1758,PASS,,True,6,6,True
REC_1358,PASS,,True,9036505,18,18,True,77760,11905,0.0109,0.2332,PASS,,True,8,8,True
REC_1366,PASS,,True,154211,7,7,True,32713,5635,0.0141,0.2926,PASS,,True,6,6,True
REC_1378,PASS,,True,2000994,10,10,True,31128,4953,0.0251,0.2237,PASS,,True,4,4,True
REC_1405,PASS,,True,1594074,9,9,True,40678,6368,0.004,0.1756,PASS,,True,9,9,True
REC_1417,PASS,,True,800934,9,9,True,32096,4700,0.0057,0.1864,PASS,,True,4,4,True
REC_1451,PASS,,True,1880063,8,8,True,17691,2678,0.0012,0.171,PASS,,True,2,2,True
REC_1463,PASS,,True,8399822,11,11,True,49390,8146,0.0074,0.2571,PASS,,True,7,7,True
REC_1480,PASS,,True,1774263,8,8,True,35553,6288,0.017,0.2723,PASS,,True,2,2,True
REC_1561,PASS,,True,3231075,15,15,True,58537,9142,0.0077,0.1992,PASS,,True,4,4,True
REC_1564,PASS,,True,1890742,18,18,True,61019,10646,0.0115,0.2696,PASS,,True,6,6,True
REC_1573,PASS,,True,2512596,13,13,True,55422,8460,0.0013,0.1904,PASS,,True,9,9,True
REC_1582,PASS,,True,395059,7,7,True,34021,4833,0.0012,0.1618,PASS,,True,4,4,True
REC_1612,PASS,,True,942419,12,12,True,62185,10030,0.0076,0.2478,PASS,,True,7,7,True
REC_1619,PASS,,True,5874344,28,28,True,115138,18688,0.0065,0.1988,PASS,,True,10,10,True
REC_1640,PASS,,True,3352982,19,19,True,43550,7247,0.0061,0.236,PASS,,True,3,3,True
REC_1642,PASS,,True,1805650,8,8,True,36912,6195,0.0064,0.2202,PASS,,True,7,7,True
REC_1667,PASS,,True,4368235,25,25,True,60865,9582,0.0039,0.1897,PASS,,True,5,5,True
REC_1678,PASS,,True,3394897,8,8,True,39314,5878,0.0091,0.1778,PASS,,True,5,5,True
REC_1688,PASS,,True,32482072,63,63,True,302582,46122,0.0087,0.1743,PASS,,True,8,8,True
REC_1715,PASS,,True,32482072,63,63,True,302582,46122,0.0087,0.1743,PASS,,True,8,8,True
